Arrangement,Model,Feature,Feature_Type,Species,Species_clean,Species_key,MeanCoefficient,MedianCoefficient,MeanAbsCoefficient,MedianAbsCoefficient,MaxAbsCoefficient,MeanAbsCoefRank,BestAbsCoefRank,N_Folds_Evaluated,N_Folds_NonZero,N_Positive,N_Negative,MeanNonZeroCoefficient,MeanAbsNonZeroCoefficient,N_Folds_TopK_NonZero,Total_Folds,SelectionFrequency,TopKSelectionFrequency,SignedConsistency,MeanAbsNonZeroCoef_Scaled,ConsensusScore,ConsensusDirection,ConsensusRank
OnlyFemale,LASSO_LogisticRegression,PA_Parvimonas micra,PA,Parvimonas micra,Parvimonas micra,parvimonas micra,0.25614635541969966,0.25606269273297044,0.25614635541969966,0.25606269273297044,0.35503657238320085,1.0,1,10,10,10,0,0.25614635541969966,0.25614635541969966,10,10,1.0,1.0,1.0,1.0,1.0,CRC-associated,1
OnlyFemale,LASSO_LogisticRegression,rCLR_Ruthenibacterium lactatiformans,rCLR,Ruthenibacterium lactatiformans,Ruthenibacterium lactatiformans,ruthenibacterium lactatiformans,0.029671074974519727,0.025208021975849492,0.029671074974519727,0.025208021975849492,0.06782967606969698,21.2,2,10,9,9,0,0.0329678610827997,0.0329678610827997,9,10,0.9,0.9,1.0,0.12870712538064952,0.7271767813451624,CRC-associated,2
OnlyFemale,LASSO_LogisticRegression,rCLR_Dorea formicigenerans,rCLR,Dorea formicigenerans,Dorea formicigenerans,dorea formicigenerans,0.04588793626762131,0.039560033085887736,0.04588793626762131,0.039560033085887736,0.13251140641799858,27.7,2,10,8,8,0,0.05735992033452664,0.05735992033452664,8,10,0.8,0.8,1.0,0.22393416545217498,0.6959835413630437,CRC-associated,3
OnlyFemale,LASSO_LogisticRegression,rCLR_Anaerostipes hadrus,rCLR,Anaerostipes hadrus,Anaerostipes hadrus,anaerostipes hadrus,-0.04285382018393659,-0.05322236181938965,0.04285382018393659,0.05322236181938965,0.08124621429128898,24.4,2,10,8,0,8,-0.05356727522992074,0.05356727522992074,8,10,0.8,0.8,1.0,0.20912761043251993,0.69228190260813,Control-associated,4
OnlyFemale,LASSO_LogisticRegression,PA_Flavonifractor plautii,PA,Flavonifractor plautii,Flavonifractor plautii,flavonifractor plautii,0.038454127202711214,0.04320360506676912,0.038454127202711214,0.04320360506676912,0.09145451543982927,10.0,2,10,8,8,0,0.04806765900338902,0.04806765900338902,8,10,0.8,0.8,1.0,0.18765700930871898,0.6869142523271798,CRC-associated,5
OnlyFemale,LASSO_LogisticRegression,rCLR_Bacteroides fragilis,rCLR,Bacteroides fragilis,Bacteroides fragilis,bacteroides fragilis,0.012740801940018998,0.007457204653641664,0.012740801940018998,0.007457204653641664,0.042852042410408644,78.6,4,10,6,6,0,0.02123466990003166,0.02123466990003166,6,10,0.6,0.6,1.0,0.08290053498999951,0.5507251337474999,CRC-associated,6
OnlyFemale,LASSO_LogisticRegression,rCLR_Anaerobutyricum hallii,rCLR,Anaerobutyricum hallii,Anaerobutyricum hallii,anaerobutyricum hallii,-0.0050087329914537855,0.0,0.0050087329914537855,0.0,0.02315572782540787,87.9,4,10,3,0,3,-0.016695776638179286,0.016695776638179286,3,10,0.3,0.3,1.0,0.0651806136801088,0.38129515342002723,Control-associated,7
OnlyFemale,LASSO_LogisticRegression,PA_Phocaeicola plebeius,PA,Phocaeicola plebeius,Phocaeicola plebeius,phocaeicola plebeius,0.0017679887232852735,0.0,0.0017679887232852735,0.0,0.013779072894888502,64.4,5,10,2,2,0,0.008839943616426368,0.008839943616426368,2,10,0.2,0.2,1.0,0.03451129961205963,0.31862782490301494,CRC-associated,8
OnlyFemale,LASSO_LogisticRegression,PA_[Ruminococcus] gnavus,PA,[Ruminococcus] gnavus,[Ruminococcus] gnavus,[ruminococcus] gnavus,0.0028814216193520123,0.0,0.0028814216193520123,0.0,0.028814216193520124,43.7,5,10,1,1,0,0.028814216193520124,0.028814216193520124,1,10,0.1,0.1,1.0,0.1124912206785359,0.283122805169634,CRC-associated,9
OnlyFemale,LASSO_LogisticRegression,rCLR_Bacteroides thetaiotaomicron,rCLR,Bacteroides thetaiotaomicron,Bacteroides thetaiotaomicron,bacteroides thetaiotaomicron,0.0016305724385108663,0.0,0.0016305724385108663,0.0,0.016305724385108664,125.5,4,10,1,1,0,0.016305724385108664,0.016305724385108664,1,10,0.1,0.1,1.0,0.0636578426360644,0.27091446065901614,CRC-associated,10
OnlyFemale,LASSO_LogisticRegression,Age,covariate,Age,Age,age,0.0,0.0,0.0,0.0,0.0,215.0,215,10,0,0,0,0.0,0.0,0,10,0.0,0.0,0.0,0.0,0.0,mixed/zero,11
OnlyFemale,LASSO_LogisticRegression,PA_Acidaminococcus intestini,PA,Acidaminococcus intestini,Acidaminococcus intestini,acidaminococcus intestini,0.0,0.0,0.0,0.0,0.0,101.0,101,10,0,0,0,0.0,0.0,0,10,0.0,0.0,0.0,0.0,0.0,mixed/zero,12
OnlyFemale,LASSO_LogisticRegression,PA_Adlercreutzia equolifaciens,PA,Adlercreutzia equolifaciens,Adlercreutzia equolifaciens,adlercreutzia equolifaciens,0.0,0.0,0.0,0.0,0.0,52.0,52,10,0,0,0,0.0,0.0,0,10,0.0,0.0,0.0,0.0,0.0,mixed/zero,13
OnlyFemale,LASSO_LogisticRegression,PA_Adlercreutzia equolifaciens_1,PA,Adlercreutzia equolifaciens_1,Adlercreutzia equolifaciens 1,adlercreutzia equolifaciens 1,0.0,0.0,0.0,0.0,0.0,62.0,62,10,0,0,0,0.0,0.0,0,10,0.0,0.0,0.0,0.0,0.0,mixed/zero,14
OnlyFemale,LASSO_LogisticRegression,PA_Agathobaculum butyriciproducens,PA,Agathobaculum butyriciproducens,Agathobaculum butyriciproducens,agathobaculum butyriciproducens,0.0,0.0,0.0,0.0,0.0,29.0,29,10,0,0,0,0.0,0.0,0,10,0.0,0.0,0.0,0.0,0.0,mixed/zero,15
OnlyFemale,LASSO_LogisticRegression,PA_Akkermansia muciniphila,PA,Akkermansia muciniphila,Akkermansia muciniphila,akkermansia muciniphila,0.0,0.0,0.0,0.0,0.0,78.0,78,10,0,0,0,0.0,0.0,0,10,0.0,0.0,0.0,0.0,0.0,mixed/zero,16
OnlyFemale,LASSO_LogisticRegression,PA_Alistipes finegoldii,PA,Alistipes finegoldii,Alistipes finegoldii,alistipes finegoldii,0.0,0.0,0.0,0.0,0.0,41.2,41,10,0,0,0,0.0,0.0,0,10,0.0,0.0,0.0,0.0,0.0,mixed/zero,17
OnlyFemale,LASSO_LogisticRegression,PA_Alistipes inops,PA,Alistipes inops,Alistipes inops,alistipes inops,0.0,0.0,0.0,0.0,0.0,101.4,95,10,0,0,0,0.0,0.0,0,10,0.0,0.0,0.0,0.0,0.0,mixed/zero,18
OnlyFemale,LASSO_LogisticRegression,PA_Alistipes putredinis,PA,Alistipes putredinis,Alistipes putredinis,alistipes putredinis,0.0,0.0,0.0,0.0,0.0,42.0,42,10,0,0,0,0.0,0.0,0,10,0.0,0.0,0.0,0.0,0.0,mixed/zero,19
OnlyFemale,LASSO_LogisticRegression,PA_Alistipes shahii,PA,Alistipes shahii,Alistipes shahii,alistipes shahii,0.0,0.0,0.0,0.0,0.0,69.0,69,10,0,0,0,0.0,0.0,0,10,0.0,0.0,0.0,0.0,0.0,mixed/zero,20
OnlyFemale,LASSO_LogisticRegression,PA_Anaerobutyricum hallii,PA,Anaerobutyricum hallii,Anaerobutyricum hallii,anaerobutyricum hallii,0.0,0.0,0.0,0.0,0.0,14.0,14,10,0,0,0,0.0,0.0,0,10,0.0,0.0,0.0,0.0,0.0,mixed/zero,21
OnlyFemale,LASSO_LogisticRegression,PA_Anaerostipes hadrus,PA,Anaerostipes hadrus,Anaerostipes hadrus,anaerostipes hadrus,0.0,0.0,0.0,0.0,0.0,20.6,6,10,0,0,0,0.0,0.0,0,10,0.0,0.0,0.0,0.0,0.0,mixed/zero,22
OnlyFemale,LASSO_LogisticRegression,PA_Anaerotignum lactatifermentans,PA,Anaerotignum lactatifermentans,Anaerotignum lactatifermentans,anaerotignum lactatifermentans,0.0,0.0,0.0,0.0,0.0,109.2,102,10,0,0,0,0.0,0.0,0,10,0.0,0.0,0.0,0.0,0.0,mixed/zero,23
OnlyFemale,LASSO_LogisticRegression,PA_Bacteroides caccae,PA,Bacteroides caccae,Bacteroides caccae,bacteroides caccae,0.0,0.0,0.0,0.0,0.0,115.6,94,10,0,0,0,0.0,0.0,0,10,0.0,0.0,0.0,0.0,0.0,mixed/zero,24
OnlyFemale,LASSO_LogisticRegression,PA_Bacteroides cellulosilyticus,PA,Bacteroides cellulosilyticus,Bacteroides cellulosilyticus,bacteroides cellulosilyticus,0.0,0.0,0.0,0.0,0.0,61.0,61,10,0,0,0,0.0,0.0,0,10,0.0,0.0,0.0,0.0,0.0,mixed/zero,25
OnlyFemale,LASSO_LogisticRegression,PA_Bacteroides eggerthii,PA,Bacteroides eggerthii,Bacteroides eggerthii,bacteroides eggerthii,0.0,0.0,0.0,0.0,0.0,49.0,49,10,0,0,0,0.0,0.0,0,10,0.0,0.0,0.0,0.0,0.0,mixed/zero,26
OnlyFemale,LASSO_LogisticRegression,PA_Bacteroides finegoldii,PA,Bacteroides finegoldii,Bacteroides finegoldii,bacteroides finegoldii,0.0,0.0,0.0,0.0,0.0,100.9,91,10,0,0,0,0.0,0.0,0,10,0.0,0.0,0.0,0.0,0.0,mixed/zero,27
OnlyFemale,LASSO_LogisticRegression,PA_Bacteroides fragilis,PA,Bacteroides fragilis,Bacteroides fragilis,bacteroides fragilis,0.0,0.0,0.0,0.0,0.0,83.1,82,10,0,0,0,0.0,0.0,0,10,0.0,0.0,0.0,0.0,0.0,mixed/zero,28
OnlyFemale,LASSO_LogisticRegression,PA_Bacteroides intestinalis,PA,Bacteroides intestinalis,Bacteroides intestinalis,bacteroides intestinalis,0.0,0.0,0.0,0.0,0.0,79.0,79,10,0,0,0,0.0,0.0,0,10,0.0,0.0,0.0,0.0,0.0,mixed/zero,29
OnlyFemale,LASSO_LogisticRegression,PA_Bacteroides ovatus,PA,Bacteroides ovatus,Bacteroides ovatus,bacteroides ovatus,0.0,0.0,0.0,0.0,0.0,32.6,31,10,0,0,0,0.0,0.0,0,10,0.0,0.0,0.0,0.0,0.0,mixed/zero,30
OnlyFemale,LASSO_LogisticRegression,PA_Bacteroides salyersiae,PA,Bacteroides salyersiae,Bacteroides salyersiae,bacteroides salyersiae,0.0,0.0,0.0,0.0,0.0,104.0,104,10,0,0,0,0.0,0.0,0,10,0.0,0.0,0.0,0.0,0.0,mixed/zero,31
OnlyFemale,LASSO_LogisticRegression,PA_Bacteroides sp. CAG:144,PA,Bacteroides sp. CAG:144,Bacteroides sp. CAG:144,bacteroides sp. cag:144,0.0,0.0,0.0,0.0,0.0,73.0,73,10,0,0,0,0.0,0.0,0,10,0.0,0.0,0.0,0.0,0.0,mixed/zero,32
OnlyFemale,LASSO_LogisticRegression,PA_Bacteroides stercoris,PA,Bacteroides stercoris,Bacteroides stercoris,bacteroides stercoris,0.0,0.0,0.0,0.0,0.0,18.7,5,10,0,0,0,0.0,0.0,0,10,0.0,0.0,0.0,0.0,0.0,mixed/zero,33
OnlyFemale,LASSO_LogisticRegression,PA_Bacteroides thetaiotaomicron,PA,Bacteroides thetaiotaomicron,Bacteroides thetaiotaomicron,bacteroides thetaiotaomicron,0.0,0.0,0.0,0.0,0.0,32.8,32,10,0,0,0,0.0,0.0,0,10,0.0,0.0,0.0,0.0,0.0,mixed/zero,34
OnlyFemale,LASSO_LogisticRegression,PA_Bacteroides uniformis,PA,Bacteroides uniformis,Bacteroides uniformis,bacteroides uniformis,0.0,0.0,0.0,0.0,0.0,16.0,16,10,0,0,0,0.0,0.0,0,10,0.0,0.0,0.0,0.0,0.0,mixed/zero,35
OnlyFemale,LASSO_LogisticRegression,PA_Bacteroides xylanisolvens,PA,Bacteroides xylanisolvens,Bacteroides xylanisolvens,bacteroides xylanisolvens,0.0,0.0,0.0,0.0,0.0,30.0,30,10,0,0,0,0.0,0.0,0,10,0.0,0.0,0.0,0.0,0.0,mixed/zero,36
OnlyFemale,LASSO_LogisticRegression,PA_Barnesiella intestinihominis,PA,Barnesiella intestinihominis,Barnesiella intestinihominis,barnesiella intestinihominis,0.0,0.0,0.0,0.0,0.0,58.0,58,10,0,0,0,0.0,0.0,0,10,0.0,0.0,0.0,0.0,0.0,mixed/zero,37
OnlyFemale,LASSO_LogisticRegression,PA_Bifidobacterium adolescentis,PA,Bifidobacterium adolescentis,Bifidobacterium adolescentis,bifidobacterium adolescentis,0.0,0.0,0.0,0.0,0.0,35.8,35,10,0,0,0,0.0,0.0,0,10,0.0,0.0,0.0,0.0,0.0,mixed/zero,38
OnlyFemale,LASSO_LogisticRegression,PA_Bifidobacterium bifidum,PA,Bifidobacterium bifidum,Bifidobacterium bifidum,bifidobacterium bifidum,0.0,0.0,0.0,0.0,0.0,88.4,83,10,0,0,0,0.0,0.0,0,10,0.0,0.0,0.0,0.0,0.0,mixed/zero,39
OnlyFemale,LASSO_LogisticRegression,PA_Bifidobacterium longum,PA,Bifidobacterium longum,Bifidobacterium longum,bifidobacterium longum,0.0,0.0,0.0,0.0,0.0,35.0,22,10,0,0,0,0.0,0.0,0,10,0.0,0.0,0.0,0.0,0.0,mixed/zero,40
OnlyFemale,LASSO_LogisticRegression,PA_Bifidobacterium pseudocatenulatum,PA,Bifidobacterium pseudocatenulatum,Bifidobacterium pseudocatenulatum,bifidobacterium pseudocatenulatum,0.0,0.0,0.0,0.0,0.0,80.0,80,10,0,0,0,0.0,0.0,0,10,0.0,0.0,0.0,0.0,0.0,mixed/zero,41
OnlyFemale,LASSO_LogisticRegression,PA_Blautia obeum,PA,Blautia obeum,Blautia obeum,blautia obeum,0.0,0.0,0.0,0.0,0.0,28.0,28,10,0,0,0,0.0,0.0,0,10,0.0,0.0,0.0,0.0,0.0,mixed/zero,42
OnlyFemale,LASSO_LogisticRegression,PA_Blautia sp. CAG:257,PA,Blautia sp. CAG:257,Blautia sp. CAG:257,blautia sp. cag:257,0.0,0.0,0.0,0.0,0.0,89.6,84,10,0,0,0,0.0,0.0,0,10,0.0,0.0,0.0,0.0,0.0,mixed/zero,43
OnlyFemale,LASSO_LogisticRegression,PA_Blautia wexlerae,PA,Blautia wexlerae,Blautia wexlerae,blautia wexlerae,0.0,0.0,0.0,0.0,0.0,17.0,17,10,0,0,0,0.0,0.0,0,10,0.0,0.0,0.0,0.0,0.0,mixed/zero,44
OnlyFemale,LASSO_LogisticRegression,PA_Butyricimonas virosa,PA,Butyricimonas virosa,Butyricimonas virosa,butyricimonas virosa,0.0,0.0,0.0,0.0,0.0,72.0,72,10,0,0,0,0.0,0.0,0,10,0.0,0.0,0.0,0.0,0.0,mixed/zero,45
OnlyFemale,LASSO_LogisticRegression,PA_Clostridium sp. CAG:58,PA,Clostridium sp. CAG:58,Clostridium sp. CAG:58,clostridium sp. cag:58,0.0,0.0,0.0,0.0,0.0,77.0,77,10,0,0,0,0.0,0.0,0,10,0.0,0.0,0.0,0.0,0.0,mixed/zero,46
OnlyFemale,LASSO_LogisticRegression,PA_Collinsella aerofaciens,PA,Collinsella aerofaciens,Collinsella aerofaciens,collinsella aerofaciens,0.0,0.0,0.0,0.0,0.0,21.2,21,10,0,0,0,0.0,0.0,0,10,0.0,0.0,0.0,0.0,0.0,mixed/zero,47
OnlyFemale,LASSO_LogisticRegression,PA_Coprobacter fastidiosus,PA,Coprobacter fastidiosus,Coprobacter fastidiosus,coprobacter fastidiosus,0.0,0.0,0.0,0.0,0.0,95.1,91,10,0,0,0,0.0,0.0,0,10,0.0,0.0,0.0,0.0,0.0,mixed/zero,48
OnlyFemale,LASSO_LogisticRegression,PA_Coprococcus catus,PA,Coprococcus catus,Coprococcus catus,coprococcus catus,0.0,0.0,0.0,0.0,0.0,30.3,24,10,0,0,0,0.0,0.0,0,10,0.0,0.0,0.0,0.0,0.0,mixed/zero,49
OnlyFemale,LASSO_LogisticRegression,PA_Coprococcus comes,PA,Coprococcus comes,Coprococcus comes,coprococcus comes,0.0,0.0,0.0,0.0,0.0,12.0,12,10,0,0,0,0.0,0.0,0,10,0.0,0.0,0.0,0.0,0.0,mixed/zero,50
OnlyFemale,LASSO_LogisticRegression,PA_Coprococcus eutactus,PA,Coprococcus eutactus,Coprococcus eutactus,coprococcus eutactus,0.0,0.0,0.0,0.0,0.0,85.0,85,10,0,0,0,0.0,0.0,0,10,0.0,0.0,0.0,0.0,0.0,mixed/zero,51
OnlyFemale,LASSO_LogisticRegression,PA_Desulfovibrio piger,PA,Desulfovibrio piger,Desulfovibrio piger,desulfovibrio piger,0.0,0.0,0.0,0.0,0.0,144.6,119,10,0,0,0,0.0,0.0,0,10,0.0,0.0,0.0,0.0,0.0,mixed/zero,52
OnlyFemale,LASSO_LogisticRegression,PA_Dialister invisus,PA,Dialister invisus,Dialister invisus,dialister invisus,0.0,0.0,0.0,0.0,0.0,93.1,92,10,0,0,0,0.0,0.0,0,10,0.0,0.0,0.0,0.0,0.0,mixed/zero,53
OnlyFemale,LASSO_LogisticRegression,PA_Dorea formicigenerans,PA,Dorea formicigenerans,Dorea formicigenerans,dorea formicigenerans,0.0,0.0,0.0,0.0,0.0,57.4,19,10,0,0,0,0.0,0.0,0,10,0.0,0.0,0.0,0.0,0.0,mixed/zero,54
OnlyFemale,LASSO_LogisticRegression,PA_Dorea longicatena,PA,Dorea longicatena,Dorea longicatena,dorea longicatena,0.0,0.0,0.0,0.0,0.0,9.0,9,10,0,0,0,0.0,0.0,0,10,0.0,0.0,0.0,0.0,0.0,mixed/zero,55
OnlyFemale,LASSO_LogisticRegression,PA_Eggerthella lenta,PA,Eggerthella lenta,Eggerthella lenta,eggerthella lenta,0.0,0.0,0.0,0.0,0.0,70.0,70,10,0,0,0,0.0,0.0,0,10,0.0,0.0,0.0,0.0,0.0,mixed/zero,56
OnlyFemale,LASSO_LogisticRegression,PA_Enterocloster bolteae,PA,Enterocloster bolteae,Enterocloster bolteae,enterocloster bolteae,0.0,0.0,0.0,0.0,0.0,93.4,93,10,0,0,0,0.0,0.0,0,10,0.0,0.0,0.0,0.0,0.0,mixed/zero,57
OnlyFemale,LASSO_LogisticRegression,PA_Erysipelatoclostridium ramosum,PA,Erysipelatoclostridium ramosum,Erysipelatoclostridium ramosum,erysipelatoclostridium ramosum,0.0,0.0,0.0,0.0,0.0,75.0,75,10,0,0,0,0.0,0.0,0,10,0.0,0.0,0.0,0.0,0.0,mixed/zero,58
OnlyFemale,LASSO_LogisticRegression,PA_Escherichia coli,PA,Escherichia coli,Escherichia coli,escherichia coli,0.0,0.0,0.0,0.0,0.0,71.0,71,10,0,0,0,0.0,0.0,0,10,0.0,0.0,0.0,0.0,0.0,mixed/zero,59
OnlyFemale,LASSO_LogisticRegression,PA_Eubacterium ramulus,PA,Eubacterium ramulus,Eubacterium ramulus,eubacterium ramulus,0.0,0.0,0.0,0.0,0.0,34.0,34,10,0,0,0,0.0,0.0,0,10,0.0,0.0,0.0,0.0,0.0,mixed/zero,60
OnlyFemale,LASSO_LogisticRegression,PA_Eubacterium sp. CAG:180,PA,Eubacterium sp. CAG:180,Eubacterium sp. CAG:180,eubacterium sp. cag:180,0.0,0.0,0.0,0.0,0.0,54.0,54,10,0,0,0,0.0,0.0,0,10,0.0,0.0,0.0,0.0,0.0,mixed/zero,61
OnlyFemale,LASSO_LogisticRegression,PA_Eubacterium sp. CAG:251,PA,Eubacterium sp. CAG:251,Eubacterium sp. CAG:251,eubacterium sp. cag:251,0.0,0.0,0.0,0.0,0.0,10.0,10,10,0,0,0,0.0,0.0,0,10,0.0,0.0,0.0,0.0,0.0,mixed/zero,62
OnlyFemale,LASSO_LogisticRegression,PA_Eubacterium sp. CAG:274,PA,Eubacterium sp. CAG:274,Eubacterium sp. CAG:274,eubacterium sp. cag:274,0.0,0.0,0.0,0.0,0.0,36.8,36,10,0,0,0,0.0,0.0,0,10,0.0,0.0,0.0,0.0,0.0,mixed/zero,63
OnlyFemale,LASSO_LogisticRegression,PA_Eubacterium sp. CAG:38,PA,Eubacterium sp. CAG:38,Eubacterium sp. CAG:38,eubacterium sp. cag:38,0.0,0.0,0.0,0.0,0.0,81.0,81,10,0,0,0,0.0,0.0,0,10,0.0,0.0,0.0,0.0,0.0,mixed/zero,64
OnlyFemale,LASSO_LogisticRegression,PA_Eubacterium ventriosum,PA,Eubacterium ventriosum,Eubacterium ventriosum,eubacterium ventriosum,0.0,0.0,0.0,0.0,0.0,37.8,37,10,0,0,0,0.0,0.0,0,10,0.0,0.0,0.0,0.0,0.0,mixed/zero,65
OnlyFemale,LASSO_LogisticRegression,PA_Faecalibacterium prausnitzii,PA,Faecalibacterium prausnitzii,Faecalibacterium prausnitzii,faecalibacterium prausnitzii,0.0,0.0,0.0,0.0,0.0,15.0,7,10,0,0,0,0.0,0.0,0,10,0.0,0.0,0.0,0.0,0.0,mixed/zero,66
OnlyFemale,LASSO_LogisticRegression,PA_Firmicutes bacterium CAG:110,PA,Firmicutes bacterium CAG:110,Firmicutes bacterium CAG:110,firmicutes bacterium cag:110,0.0,0.0,0.0,0.0,0.0,64.0,64,10,0,0,0,0.0,0.0,0,10,0.0,0.0,0.0,0.0,0.0,mixed/zero,67
OnlyFemale,LASSO_LogisticRegression,PA_Firmicutes bacterium CAG:145,PA,Firmicutes bacterium CAG:145,Firmicutes bacterium CAG:145,firmicutes bacterium cag:145,0.0,0.0,0.0,0.0,0.0,60.0,60,10,0,0,0,0.0,0.0,0,10,0.0,0.0,0.0,0.0,0.0,mixed/zero,68
OnlyFemale,LASSO_LogisticRegression,PA_Firmicutes bacterium CAG:83,PA,Firmicutes bacterium CAG:83,Firmicutes bacterium CAG:83,firmicutes bacterium cag:83,0.0,0.0,0.0,0.0,0.0,45.0,45,10,0,0,0,0.0,0.0,0,10,0.0,0.0,0.0,0.0,0.0,mixed/zero,69
OnlyFemale,LASSO_LogisticRegression,PA_Fusicatenibacter saccharivorans,PA,Fusicatenibacter saccharivorans,Fusicatenibacter saccharivorans,fusicatenibacter saccharivorans,0.0,0.0,0.0,0.0,0.0,11.0,11,10,0,0,0,0.0,0.0,0,10,0.0,0.0,0.0,0.0,0.0,mixed/zero,70
OnlyFemale,LASSO_LogisticRegression,PA_Gemmiger formicilis,PA,Gemmiger formicilis,Gemmiger formicilis,gemmiger formicilis,0.0,0.0,0.0,0.0,0.0,24.4,18,10,0,0,0,0.0,0.0,0,10,0.0,0.0,0.0,0.0,0.0,mixed/zero,71
OnlyFemale,LASSO_LogisticRegression,PA_Gordonibacter pamelaeae,PA,Gordonibacter pamelaeae,Gordonibacter pamelaeae,gordonibacter pamelaeae,0.0,0.0,0.0,0.0,0.0,53.0,53,10,0,0,0,0.0,0.0,0,10,0.0,0.0,0.0,0.0,0.0,mixed/zero,72
OnlyFemale,LASSO_LogisticRegression,PA_Holdemanella biformis,PA,Holdemanella biformis,Holdemanella biformis,holdemanella biformis,0.0,0.0,0.0,0.0,0.0,15.0,15,10,0,0,0,0.0,0.0,0,10,0.0,0.0,0.0,0.0,0.0,mixed/zero,73
OnlyFemale,LASSO_LogisticRegression,PA_Intestinibacter bartlettii,PA,Intestinibacter bartlettii,Intestinibacter bartlettii,intestinibacter bartlettii,0.0,0.0,0.0,0.0,0.0,74.0,74,10,0,0,0,0.0,0.0,0,10,0.0,0.0,0.0,0.0,0.0,mixed/zero,74
OnlyFemale,LASSO_LogisticRegression,PA_Klebsiella pneumoniae,PA,Klebsiella pneumoniae,Klebsiella pneumoniae,klebsiella pneumoniae,0.0,0.0,0.0,0.0,0.0,106.6,105,10,0,0,0,0.0,0.0,0,10,0.0,0.0,0.0,0.0,0.0,mixed/zero,75
OnlyFemale,LASSO_LogisticRegression,PA_Klebsiella quasipneumoniae,PA,Klebsiella quasipneumoniae,Klebsiella quasipneumoniae,klebsiella quasipneumoniae,0.0,0.0,0.0,0.0,0.0,107.8,107,10,0,0,0,0.0,0.0,0,10,0.0,0.0,0.0,0.0,0.0,mixed/zero,76
OnlyFemale,LASSO_LogisticRegression,PA_Klebsiella variicola,PA,Klebsiella variicola,Klebsiella variicola,klebsiella variicola,0.0,0.0,0.0,0.0,0.0,106.0,106,10,0,0,0,0.0,0.0,0,10,0.0,0.0,0.0,0.0,0.0,mixed/zero,77
OnlyFemale,LASSO_LogisticRegression,PA_Lachnospira eligens,PA,Lachnospira eligens,Lachnospira eligens,lachnospira eligens,0.0,0.0,0.0,0.0,0.0,47.1,47,10,0,0,0,0.0,0.0,0,10,0.0,0.0,0.0,0.0,0.0,mixed/zero,78
OnlyFemale,LASSO_LogisticRegression,PA_Lachnospira pectinoschiza,PA,Lachnospira pectinoschiza,Lachnospira pectinoschiza,lachnospira pectinoschiza,0.0,0.0,0.0,0.0,0.0,96.0,96,10,0,0,0,0.0,0.0,0,10,0.0,0.0,0.0,0.0,0.0,mixed/zero,79
OnlyFemale,LASSO_LogisticRegression,PA_Lawsonibacter asaccharolyticus,PA,Lawsonibacter asaccharolyticus,Lawsonibacter asaccharolyticus,lawsonibacter asaccharolyticus,0.0,0.0,0.0,0.0,0.0,88.0,88,10,0,0,0,0.0,0.0,0,10,0.0,0.0,0.0,0.0,0.0,mixed/zero,80
OnlyFemale,LASSO_LogisticRegression,PA_Megamonas funiformis,PA,Megamonas funiformis,Megamonas funiformis,megamonas funiformis,0.0,0.0,0.0,0.0,0.0,99.0,99,10,0,0,0,0.0,0.0,0,10,0.0,0.0,0.0,0.0,0.0,mixed/zero,81
OnlyFemale,LASSO_LogisticRegression,PA_Methanobrevibacter smithii,PA,Methanobrevibacter smithii,Methanobrevibacter smithii,methanobrevibacter smithii,0.0,0.0,0.0,0.0,0.0,59.0,59,10,0,0,0,0.0,0.0,0,10,0.0,0.0,0.0,0.0,0.0,mixed/zero,82
OnlyFemale,LASSO_LogisticRegression,PA_Odoribacter splanchnicus,PA,Odoribacter splanchnicus,Odoribacter splanchnicus,odoribacter splanchnicus,0.0,0.0,0.0,0.0,0.0,67.0,67,10,0,0,0,0.0,0.0,0,10,0.0,0.0,0.0,0.0,0.0,mixed/zero,83
OnlyFemale,LASSO_LogisticRegression,PA_Oscillibacter sp. 57_20,PA,Oscillibacter sp. 57_20,Oscillibacter sp. 57 20,oscillibacter sp. 57 20,0.0,0.0,0.0,0.0,0.0,39.1,39,10,0,0,0,0.0,0.0,0,10,0.0,0.0,0.0,0.0,0.0,mixed/zero,84
OnlyFemale,LASSO_LogisticRegression,PA_Oscillibacter sp. CAG:241,PA,Oscillibacter sp. CAG:241,Oscillibacter sp. CAG:241,oscillibacter sp. cag:241,0.0,0.0,0.0,0.0,0.0,68.0,68,10,0,0,0,0.0,0.0,0,10,0.0,0.0,0.0,0.0,0.0,mixed/zero,85
OnlyFemale,LASSO_LogisticRegression,PA_Parabacteroides distasonis,PA,Parabacteroides distasonis,Parabacteroides distasonis,parabacteroides distasonis,0.0,0.0,0.0,0.0,0.0,65.0,65,10,0,0,0,0.0,0.0,0,10,0.0,0.0,0.0,0.0,0.0,mixed/zero,86
OnlyFemale,LASSO_LogisticRegression,PA_Parabacteroides merdae,PA,Parabacteroides merdae,Parabacteroides merdae,parabacteroides merdae,0.0,0.0,0.0,0.0,0.0,55.0,55,10,0,0,0,0.0,0.0,0,10,0.0,0.0,0.0,0.0,0.0,mixed/zero,87
OnlyFemale,LASSO_LogisticRegression,PA_Paraprevotella xylaniphila,PA,Paraprevotella xylaniphila,Paraprevotella xylaniphila,paraprevotella xylaniphila,0.0,0.0,0.0,0.0,0.0,115.8,103,10,0,0,0,0.0,0.0,0,10,0.0,0.0,0.0,0.0,0.0,mixed/zero,88
OnlyFemale,LASSO_LogisticRegression,PA_Parasutterella excrementihominis,PA,Parasutterella excrementihominis,Parasutterella excrementihominis,parasutterella excrementihominis,0.0,0.0,0.0,0.0,0.0,90.0,90,10,0,0,0,0.0,0.0,0,10,0.0,0.0,0.0,0.0,0.0,mixed/zero,89
OnlyFemale,LASSO_LogisticRegression,PA_Phascolarctobacterium faecium,PA,Phascolarctobacterium faecium,Phascolarctobacterium faecium,phascolarctobacterium faecium,0.0,0.0,0.0,0.0,0.0,100.0,100,10,0,0,0,0.0,0.0,0,10,0.0,0.0,0.0,0.0,0.0,mixed/zero,90
OnlyFemale,LASSO_LogisticRegression,PA_Phascolarctobacterium succinatutens,PA,Phascolarctobacterium succinatutens,Phascolarctobacterium succinatutens,phascolarctobacterium succinatutens,0.0,0.0,0.0,0.0,0.0,26.0,26,10,0,0,0,0.0,0.0,0,10,0.0,0.0,0.0,0.0,0.0,mixed/zero,91
OnlyFemale,LASSO_LogisticRegression,PA_Phocaeicola coprocola,PA,Phocaeicola coprocola,Phocaeicola coprocola,phocaeicola coprocola,0.0,0.0,0.0,0.0,0.0,51.0,51,10,0,0,0,0.0,0.0,0,10,0.0,0.0,0.0,0.0,0.0,mixed/zero,92
OnlyFemale,LASSO_LogisticRegression,PA_Phocaeicola dorei,PA,Phocaeicola dorei,Phocaeicola dorei,phocaeicola dorei,0.0,0.0,0.0,0.0,0.0,56.0,56,10,0,0,0,0.0,0.0,0,10,0.0,0.0,0.0,0.0,0.0,mixed/zero,93
OnlyFemale,LASSO_LogisticRegression,PA_Phocaeicola massiliensis,PA,Phocaeicola massiliensis,Phocaeicola massiliensis,phocaeicola massiliensis,0.0,0.0,0.0,0.0,0.0,98.0,98,10,0,0,0,0.0,0.0,0,10,0.0,0.0,0.0,0.0,0.0,mixed/zero,94
OnlyFemale,LASSO_LogisticRegression,PA_Phocaeicola vulgatus,PA,Phocaeicola vulgatus,Phocaeicola vulgatus,phocaeicola vulgatus,0.0,0.0,0.0,0.0,0.0,8.0,8,10,0,0,0,0.0,0.0,0,10,0.0,0.0,0.0,0.0,0.0,mixed/zero,95
OnlyFemale,LASSO_LogisticRegression,PA_Prevotella copri,PA,Prevotella copri,Prevotella copri,prevotella copri,0.0,0.0,0.0,0.0,0.0,97.0,97,10,0,0,0,0.0,0.0,0,10,0.0,0.0,0.0,0.0,0.0,mixed/zero,96
OnlyFemale,LASSO_LogisticRegression,PA_Proteobacteria bacterium CAG:139,PA,Proteobacteria bacterium CAG:139,Proteobacteria bacterium CAG:139,proteobacteria bacterium cag:139,0.0,0.0,0.0,0.0,0.0,89.0,89,10,0,0,0,0.0,0.0,0,10,0.0,0.0,0.0,0.0,0.0,mixed/zero,97
OnlyFemale,LASSO_LogisticRegression,PA_Roseburia faecis,PA,Roseburia faecis,Roseburia faecis,roseburia faecis,0.0,0.0,0.0,0.0,0.0,50.0,50,10,0,0,0,0.0,0.0,0,10,0.0,0.0,0.0,0.0,0.0,mixed/zero,98
OnlyFemale,LASSO_LogisticRegression,PA_Roseburia hominis,PA,Roseburia hominis,Roseburia hominis,roseburia hominis,0.0,0.0,0.0,0.0,0.0,40.1,40,10,0,0,0,0.0,0.0,0,10,0.0,0.0,0.0,0.0,0.0,mixed/zero,99
OnlyFemale,LASSO_LogisticRegression,PA_Roseburia intestinalis,PA,Roseburia intestinalis,Roseburia intestinalis,roseburia intestinalis,0.0,0.0,0.0,0.0,0.0,24.9,24,10,0,0,0,0.0,0.0,0,10,0.0,0.0,0.0,0.0,0.0,mixed/zero,100
OnlyFemale,LASSO_LogisticRegression,PA_Roseburia inulinivorans,PA,Roseburia inulinivorans,Roseburia inulinivorans,roseburia inulinivorans,0.0,0.0,0.0,0.0,0.0,26.8,25,10,0,0,0,0.0,0.0,0,10,0.0,0.0,0.0,0.0,0.0,mixed/zero,101
OnlyFemale,LASSO_LogisticRegression,PA_Ruminococcus bicirculans,PA,Ruminococcus bicirculans,Ruminococcus bicirculans,ruminococcus bicirculans,0.0,0.0,0.0,0.0,0.0,63.0,63,10,0,0,0,0.0,0.0,0,10,0.0,0.0,0.0,0.0,0.0,mixed/zero,102
OnlyFemale,LASSO_LogisticRegression,PA_Ruminococcus bromii,PA,Ruminococcus bromii,Ruminococcus bromii,ruminococcus bromii,0.0,0.0,0.0,0.0,0.0,44.0,44,10,0,0,0,0.0,0.0,0,10,0.0,0.0,0.0,0.0,0.0,mixed/zero,103
OnlyFemale,LASSO_LogisticRegression,PA_Ruthenibacterium lactatiformans,PA,Ruthenibacterium lactatiformans,Ruthenibacterium lactatiformans,ruthenibacterium lactatiformans,0.0,0.0,0.0,0.0,0.0,66.0,66,10,0,0,0,0.0,0.0,0,10,0.0,0.0,0.0,0.0,0.0,mixed/zero,104
OnlyFemale,LASSO_LogisticRegression,PA_Slackia isoflavoniconvertens,PA,Slackia isoflavoniconvertens,Slackia isoflavoniconvertens,slackia isoflavoniconvertens,0.0,0.0,0.0,0.0,0.0,76.0,76,10,0,0,0,0.0,0.0,0,10,0.0,0.0,0.0,0.0,0.0,mixed/zero,105
OnlyFemale,LASSO_LogisticRegression,PA_Streptococcus parasanguinis,PA,Streptococcus parasanguinis,Streptococcus parasanguinis,streptococcus parasanguinis,0.0,0.0,0.0,0.0,0.0,71.2,20,10,0,0,0,0.0,0.0,0,10,0.0,0.0,0.0,0.0,0.0,mixed/zero,106
OnlyFemale,LASSO_LogisticRegression,PA_Streptococcus salivarius,PA,Streptococcus salivarius,Streptococcus salivarius,streptococcus salivarius,0.0,0.0,0.0,0.0,0.0,8.9,6,10,0,0,0,0.0,0.0,0,10,0.0,0.0,0.0,0.0,0.0,mixed/zero,107
OnlyFemale,LASSO_LogisticRegression,PA_Streptococcus thermophilus,PA,Streptococcus thermophilus,Streptococcus thermophilus,streptococcus thermophilus,0.0,0.0,0.0,0.0,0.0,34.6,33,10,0,0,0,0.0,0.0,0,10,0.0,0.0,0.0,0.0,0.0,mixed/zero,108
OnlyFemale,LASSO_LogisticRegression,PA_Veillonella atypica,PA,Veillonella atypica,Veillonella atypica,veillonella atypica,0.0,0.0,0.0,0.0,0.0,43.4,43,10,0,0,0,0.0,0.0,0,10,0.0,0.0,0.0,0.0,0.0,mixed/zero,109
OnlyFemale,LASSO_LogisticRegression,PA_Veillonella parvula,PA,Veillonella parvula,Veillonella parvula,veillonella parvula,0.0,0.0,0.0,0.0,0.0,46.0,46,10,0,0,0,0.0,0.0,0,10,0.0,0.0,0.0,0.0,0.0,mixed/zero,110
OnlyFemale,LASSO_LogisticRegression,PA_[Eubacterium] rectale,PA,[Eubacterium] rectale,[Eubacterium] rectale,[eubacterium] rectale,0.0,0.0,0.0,0.0,0.0,30.6,27,10,0,0,0,0.0,0.0,0,10,0.0,0.0,0.0,0.0,0.0,mixed/zero,111
OnlyFemale,LASSO_LogisticRegression,PA_[Eubacterium] siraeum,PA,[Eubacterium] siraeum,[Eubacterium] siraeum,[eubacterium] siraeum,0.0,0.0,0.0,0.0,0.0,57.0,57,10,0,0,0,0.0,0.0,0,10,0.0,0.0,0.0,0.0,0.0,mixed/zero,112
OnlyFemale,LASSO_LogisticRegression,PA_[Ruminococcus] lactaris,PA,[Ruminococcus] lactaris,[Ruminococcus] lactaris,[ruminococcus] lactaris,0.0,0.0,0.0,0.0,0.0,86.0,86,10,0,0,0,0.0,0.0,0,10,0.0,0.0,0.0,0.0,0.0,mixed/zero,113
OnlyFemale,LASSO_LogisticRegression,PA_[Ruminococcus] torques,PA,[Ruminococcus] torques,[Ruminococcus] torques,[ruminococcus] torques,0.0,0.0,0.0,0.0,0.0,13.0,13,10,0,0,0,0.0,0.0,0,10,0.0,0.0,0.0,0.0,0.0,mixed/zero,114
OnlyFemale,LASSO_LogisticRegression,rCLR_Acidaminococcus intestini,rCLR,Acidaminococcus intestini,Acidaminococcus intestini,acidaminococcus intestini,0.0,0.0,0.0,0.0,0.0,208.0,208,10,0,0,0,0.0,0.0,0,10,0.0,0.0,0.0,0.0,0.0,mixed/zero,115
OnlyFemale,LASSO_LogisticRegression,rCLR_Adlercreutzia equolifaciens,rCLR,Adlercreutzia equolifaciens,Adlercreutzia equolifaciens,adlercreutzia equolifaciens,0.0,0.0,0.0,0.0,0.0,175.8,159,10,0,0,0,0.0,0.0,0,10,0.0,0.0,0.0,0.0,0.0,mixed/zero,116
OnlyFemale,LASSO_LogisticRegression,rCLR_Adlercreutzia equolifaciens_1,rCLR,Adlercreutzia equolifaciens_1,Adlercreutzia equolifaciens 1,adlercreutzia equolifaciens 1,0.0,0.0,0.0,0.0,0.0,170.8,169,10,0,0,0,0.0,0.0,0,10,0.0,0.0,0.0,0.0,0.0,mixed/zero,117
OnlyFemale,LASSO_LogisticRegression,rCLR_Agathobaculum butyriciproducens,rCLR,Agathobaculum butyriciproducens,Agathobaculum butyriciproducens,agathobaculum butyriciproducens,0.0,0.0,0.0,0.0,0.0,136.1,136,10,0,0,0,0.0,0.0,0,10,0.0,0.0,0.0,0.0,0.0,mixed/zero,118
OnlyFemale,LASSO_LogisticRegression,rCLR_Akkermansia muciniphila,rCLR,Akkermansia muciniphila,Akkermansia muciniphila,akkermansia muciniphila,0.0,0.0,0.0,0.0,0.0,186.2,185,10,0,0,0,0.0,0.0,0,10,0.0,0.0,0.0,0.0,0.0,mixed/zero,119
OnlyFemale,LASSO_LogisticRegression,rCLR_Alistipes finegoldii,rCLR,Alistipes finegoldii,Alistipes finegoldii,alistipes finegoldii,0.0,0.0,0.0,0.0,0.0,148.0,148,10,0,0,0,0.0,0.0,0,10,0.0,0.0,0.0,0.0,0.0,mixed/zero,120
OnlyFemale,LASSO_LogisticRegression,rCLR_Alistipes inops,rCLR,Alistipes inops,Alistipes inops,alistipes inops,0.0,0.0,0.0,0.0,0.0,196.0,196,10,0,0,0,0.0,0.0,0,10,0.0,0.0,0.0,0.0,0.0,mixed/zero,121
OnlyFemale,LASSO_LogisticRegression,rCLR_Alistipes putredinis,rCLR,Alistipes putredinis,Alistipes putredinis,alistipes putredinis,0.0,0.0,0.0,0.0,0.0,149.0,149,10,0,0,0,0.0,0.0,0,10,0.0,0.0,0.0,0.0,0.0,mixed/zero,122
OnlyFemale,LASSO_LogisticRegression,rCLR_Alistipes shahii,rCLR,Alistipes shahii,Alistipes shahii,alistipes shahii,0.0,0.0,0.0,0.0,0.0,176.0,176,10,0,0,0,0.0,0.0,0,10,0.0,0.0,0.0,0.0,0.0,mixed/zero,123
OnlyFemale,LASSO_LogisticRegression,rCLR_Anaerotignum lactatifermentans,rCLR,Anaerotignum lactatifermentans,Anaerotignum lactatifermentans,anaerotignum lactatifermentans,0.0,0.0,0.0,0.0,0.0,209.0,209,10,0,0,0,0.0,0.0,0,10,0.0,0.0,0.0,0.0,0.0,mixed/zero,124
OnlyFemale,LASSO_LogisticRegression,rCLR_Bacteroides caccae,rCLR,Bacteroides caccae,Bacteroides caccae,bacteroides caccae,0.0,0.0,0.0,0.0,0.0,201.0,201,10,0,0,0,0.0,0.0,0,10,0.0,0.0,0.0,0.0,0.0,mixed/zero,125
OnlyFemale,LASSO_LogisticRegression,rCLR_Bacteroides cellulosilyticus,rCLR,Bacteroides cellulosilyticus,Bacteroides cellulosilyticus,bacteroides cellulosilyticus,0.0,0.0,0.0,0.0,0.0,168.9,168,10,0,0,0,0.0,0.0,0,10,0.0,0.0,0.0,0.0,0.0,mixed/zero,126
OnlyFemale,LASSO_LogisticRegression,rCLR_Bacteroides eggerthii,rCLR,Bacteroides eggerthii,Bacteroides eggerthii,bacteroides eggerthii,0.0,0.0,0.0,0.0,0.0,156.0,156,10,0,0,0,0.0,0.0,0,10,0.0,0.0,0.0,0.0,0.0,mixed/zero,127
OnlyFemale,LASSO_LogisticRegression,rCLR_Bacteroides finegoldii,rCLR,Bacteroides finegoldii,Bacteroides finegoldii,bacteroides finegoldii,0.0,0.0,0.0,0.0,0.0,197.0,197,10,0,0,0,0.0,0.0,0,10,0.0,0.0,0.0,0.0,0.0,mixed/zero,128
OnlyFemale,LASSO_LogisticRegression,rCLR_Bacteroides intestinalis,rCLR,Bacteroides intestinalis,Bacteroides intestinalis,bacteroides intestinalis,0.0,0.0,0.0,0.0,0.0,186.0,186,10,0,0,0,0.0,0.0,0,10,0.0,0.0,0.0,0.0,0.0,mixed/zero,129
OnlyFemale,LASSO_LogisticRegression,rCLR_Bacteroides ovatus,rCLR,Bacteroides ovatus,Bacteroides ovatus,bacteroides ovatus,0.0,0.0,0.0,0.0,0.0,138.1,138,10,0,0,0,0.0,0.0,0,10,0.0,0.0,0.0,0.0,0.0,mixed/zero,130
OnlyFemale,LASSO_LogisticRegression,rCLR_Bacteroides salyersiae,rCLR,Bacteroides salyersiae,Bacteroides salyersiae,bacteroides salyersiae,0.0,0.0,0.0,0.0,0.0,210.0,210,10,0,0,0,0.0,0.0,0,10,0.0,0.0,0.0,0.0,0.0,mixed/zero,131
OnlyFemale,LASSO_LogisticRegression,rCLR_Bacteroides sp. CAG:144,rCLR,Bacteroides sp. CAG:144,Bacteroides sp. CAG:144,bacteroides sp. cag:144,0.0,0.0,0.0,0.0,0.0,180.0,180,10,0,0,0,0.0,0.0,0,10,0.0,0.0,0.0,0.0,0.0,mixed/zero,132
OnlyFemale,LASSO_LogisticRegression,rCLR_Bacteroides stercoris,rCLR,Bacteroides stercoris,Bacteroides stercoris,bacteroides stercoris,0.0,0.0,0.0,0.0,0.0,111.0,111,10,0,0,0,0.0,0.0,0,10,0.0,0.0,0.0,0.0,0.0,mixed/zero,133
OnlyFemale,LASSO_LogisticRegression,rCLR_Bacteroides uniformis,rCLR,Bacteroides uniformis,Bacteroides uniformis,bacteroides uniformis,0.0,0.0,0.0,0.0,0.0,123.8,123,10,0,0,0,0.0,0.0,0,10,0.0,0.0,0.0,0.0,0.0,mixed/zero,134
OnlyFemale,LASSO_LogisticRegression,rCLR_Bacteroides xylanisolvens,rCLR,Bacteroides xylanisolvens,Bacteroides xylanisolvens,bacteroides xylanisolvens,0.0,0.0,0.0,0.0,0.0,137.1,137,10,0,0,0,0.0,0.0,0,10,0.0,0.0,0.0,0.0,0.0,mixed/zero,135
OnlyFemale,LASSO_LogisticRegression,rCLR_Barnesiella intestinihominis,rCLR,Barnesiella intestinihominis,Barnesiella intestinihominis,barnesiella intestinihominis,0.0,0.0,0.0,0.0,0.0,165.0,165,10,0,0,0,0.0,0.0,0,10,0.0,0.0,0.0,0.0,0.0,mixed/zero,136
OnlyFemale,LASSO_LogisticRegression,rCLR_Bifidobacterium adolescentis,rCLR,Bifidobacterium adolescentis,Bifidobacterium adolescentis,bifidobacterium adolescentis,0.0,0.0,0.0,0.0,0.0,142.0,142,10,0,0,0,0.0,0.0,0,10,0.0,0.0,0.0,0.0,0.0,mixed/zero,137
OnlyFemale,LASSO_LogisticRegression,rCLR_Bifidobacterium bifidum,rCLR,Bifidobacterium bifidum,Bifidobacterium bifidum,bifidobacterium bifidum,0.0,0.0,0.0,0.0,0.0,190.0,190,10,0,0,0,0.0,0.0,0,10,0.0,0.0,0.0,0.0,0.0,mixed/zero,138
OnlyFemale,LASSO_LogisticRegression,rCLR_Bifidobacterium longum,rCLR,Bifidobacterium longum,Bifidobacterium longum,bifidobacterium longum,0.0,0.0,0.0,0.0,0.0,113.0,113,10,0,0,0,0.0,0.0,0,10,0.0,0.0,0.0,0.0,0.0,mixed/zero,139
OnlyFemale,LASSO_LogisticRegression,rCLR_Bifidobacterium pseudocatenulatum,rCLR,Bifidobacterium pseudocatenulatum,Bifidobacterium pseudocatenulatum,bifidobacterium pseudocatenulatum,0.0,0.0,0.0,0.0,0.0,187.6,187,10,0,0,0,0.0,0.0,0,10,0.0,0.0,0.0,0.0,0.0,mixed/zero,140
OnlyFemale,LASSO_LogisticRegression,rCLR_Blautia obeum,rCLR,Blautia obeum,Blautia obeum,blautia obeum,0.0,0.0,0.0,0.0,0.0,135.1,135,10,0,0,0,0.0,0.0,0,10,0.0,0.0,0.0,0.0,0.0,mixed/zero,141
OnlyFemale,LASSO_LogisticRegression,rCLR_Blautia sp. CAG:257,rCLR,Blautia sp. CAG:257,Blautia sp. CAG:257,blautia sp. cag:257,0.0,0.0,0.0,0.0,0.0,191.0,191,10,0,0,0,0.0,0.0,0,10,0.0,0.0,0.0,0.0,0.0,mixed/zero,142
OnlyFemale,LASSO_LogisticRegression,rCLR_Blautia wexlerae,rCLR,Blautia wexlerae,Blautia wexlerae,blautia wexlerae,0.0,0.0,0.0,0.0,0.0,124.8,124,10,0,0,0,0.0,0.0,0,10,0.0,0.0,0.0,0.0,0.0,mixed/zero,143
OnlyFemale,LASSO_LogisticRegression,rCLR_Butyricimonas virosa,rCLR,Butyricimonas virosa,Butyricimonas virosa,butyricimonas virosa,0.0,0.0,0.0,0.0,0.0,179.0,179,10,0,0,0,0.0,0.0,0,10,0.0,0.0,0.0,0.0,0.0,mixed/zero,144
OnlyFemale,LASSO_LogisticRegression,rCLR_Clostridium sp. CAG:58,rCLR,Clostridium sp. CAG:58,Clostridium sp. CAG:58,clostridium sp. cag:58,0.0,0.0,0.0,0.0,0.0,184.6,184,10,0,0,0,0.0,0.0,0,10,0.0,0.0,0.0,0.0,0.0,mixed/zero,145
OnlyFemale,LASSO_LogisticRegression,rCLR_Collinsella aerofaciens,rCLR,Collinsella aerofaciens,Collinsella aerofaciens,collinsella aerofaciens,0.0,0.0,0.0,0.0,0.0,112.0,112,10,0,0,0,0.0,0.0,0,10,0.0,0.0,0.0,0.0,0.0,mixed/zero,146
OnlyFemale,LASSO_LogisticRegression,rCLR_Coprobacter fastidiosus,rCLR,Coprobacter fastidiosus,Coprobacter fastidiosus,coprobacter fastidiosus,0.0,0.0,0.0,0.0,0.0,195.0,195,10,0,0,0,0.0,0.0,0,10,0.0,0.0,0.0,0.0,0.0,mixed/zero,147
OnlyFemale,LASSO_LogisticRegression,rCLR_Coprococcus catus,rCLR,Coprococcus catus,Coprococcus catus,coprococcus catus,0.0,0.0,0.0,0.0,0.0,130.0,130,10,0,0,0,0.0,0.0,0,10,0.0,0.0,0.0,0.0,0.0,mixed/zero,148
OnlyFemale,LASSO_LogisticRegression,rCLR_Coprococcus comes,rCLR,Coprococcus comes,Coprococcus comes,coprococcus comes,0.0,0.0,0.0,0.0,0.0,123.1,120,10,0,0,0,0.0,0.0,0,10,0.0,0.0,0.0,0.0,0.0,mixed/zero,149
OnlyFemale,LASSO_LogisticRegression,rCLR_Coprococcus eutactus,rCLR,Coprococcus eutactus,Coprococcus eutactus,coprococcus eutactus,0.0,0.0,0.0,0.0,0.0,128.0,128,10,0,0,0,0.0,0.0,0,10,0.0,0.0,0.0,0.0,0.0,mixed/zero,150
OnlyFemale,LASSO_LogisticRegression,rCLR_Desulfovibrio piger,rCLR,Desulfovibrio piger,Desulfovibrio piger,desulfovibrio piger,0.0,0.0,0.0,0.0,0.0,202.0,202,10,0,0,0,0.0,0.0,0,10,0.0,0.0,0.0,0.0,0.0,mixed/zero,151
OnlyFemale,LASSO_LogisticRegression,rCLR_Dialister invisus,rCLR,Dialister invisus,Dialister invisus,dialister invisus,0.0,0.0,0.0,0.0,0.0,199.0,199,10,0,0,0,0.0,0.0,0,10,0.0,0.0,0.0,0.0,0.0,mixed/zero,152
OnlyFemale,LASSO_LogisticRegression,rCLR_Dorea longicatena,rCLR,Dorea longicatena,Dorea longicatena,dorea longicatena,0.0,0.0,0.0,0.0,0.0,116.0,116,10,0,0,0,0.0,0.0,0,10,0.0,0.0,0.0,0.0,0.0,mixed/zero,153
OnlyFemale,LASSO_LogisticRegression,rCLR_Eggerthella lenta,rCLR,Eggerthella lenta,Eggerthella lenta,eggerthella lenta,0.0,0.0,0.0,0.0,0.0,177.0,177,10,0,0,0,0.0,0.0,0,10,0.0,0.0,0.0,0.0,0.0,mixed/zero,154
OnlyFemale,LASSO_LogisticRegression,rCLR_Enterocloster bolteae,rCLR,Enterocloster bolteae,Enterocloster bolteae,enterocloster bolteae,0.0,0.0,0.0,0.0,0.0,200.0,200,10,0,0,0,0.0,0.0,0,10,0.0,0.0,0.0,0.0,0.0,mixed/zero,155
OnlyFemale,LASSO_LogisticRegression,rCLR_Erysipelatoclostridium ramosum,rCLR,Erysipelatoclostridium ramosum,Erysipelatoclostridium ramosum,erysipelatoclostridium ramosum,0.0,0.0,0.0,0.0,0.0,182.0,182,10,0,0,0,0.0,0.0,0,10,0.0,0.0,0.0,0.0,0.0,mixed/zero,156
OnlyFemale,LASSO_LogisticRegression,rCLR_Escherichia coli,rCLR,Escherichia coli,Escherichia coli,escherichia coli,0.0,0.0,0.0,0.0,0.0,178.0,178,10,0,0,0,0.0,0.0,0,10,0.0,0.0,0.0,0.0,0.0,mixed/zero,157
OnlyFemale,LASSO_LogisticRegression,rCLR_Eubacterium ramulus,rCLR,Eubacterium ramulus,Eubacterium ramulus,eubacterium ramulus,0.0,0.0,0.0,0.0,0.0,141.0,141,10,0,0,0,0.0,0.0,0,10,0.0,0.0,0.0,0.0,0.0,mixed/zero,158
OnlyFemale,LASSO_LogisticRegression,rCLR_Eubacterium sp. CAG:180,rCLR,Eubacterium sp. CAG:180,Eubacterium sp. CAG:180,eubacterium sp. cag:180,0.0,0.0,0.0,0.0,0.0,161.0,161,10,0,0,0,0.0,0.0,0,10,0.0,0.0,0.0,0.0,0.0,mixed/zero,159
OnlyFemale,LASSO_LogisticRegression,rCLR_Eubacterium sp. CAG:251,rCLR,Eubacterium sp. CAG:251,Eubacterium sp. CAG:251,eubacterium sp. cag:251,0.0,0.0,0.0,0.0,0.0,117.0,117,10,0,0,0,0.0,0.0,0,10,0.0,0.0,0.0,0.0,0.0,mixed/zero,160
OnlyFemale,LASSO_LogisticRegression,rCLR_Eubacterium sp. CAG:274,rCLR,Eubacterium sp. CAG:274,Eubacterium sp. CAG:274,eubacterium sp. cag:274,0.0,0.0,0.0,0.0,0.0,143.0,143,10,0,0,0,0.0,0.0,0,10,0.0,0.0,0.0,0.0,0.0,mixed/zero,161
OnlyFemale,LASSO_LogisticRegression,rCLR_Eubacterium sp. CAG:38,rCLR,Eubacterium sp. CAG:38,Eubacterium sp. CAG:38,eubacterium sp. cag:38,0.0,0.0,0.0,0.0,0.0,188.6,188,10,0,0,0,0.0,0.0,0,10,0.0,0.0,0.0,0.0,0.0,mixed/zero,162
OnlyFemale,LASSO_LogisticRegression,rCLR_Eubacterium ventriosum,rCLR,Eubacterium ventriosum,Eubacterium ventriosum,eubacterium ventriosum,0.0,0.0,0.0,0.0,0.0,144.0,144,10,0,0,0,0.0,0.0,0,10,0.0,0.0,0.0,0.0,0.0,mixed/zero,163
OnlyFemale,LASSO_LogisticRegression,rCLR_Faecalibacterium prausnitzii,rCLR,Faecalibacterium prausnitzii,Faecalibacterium prausnitzii,faecalibacterium prausnitzii,0.0,0.0,0.0,0.0,0.0,108.8,108,10,0,0,0,0.0,0.0,0,10,0.0,0.0,0.0,0.0,0.0,mixed/zero,164
OnlyFemale,LASSO_LogisticRegression,rCLR_Firmicutes bacterium CAG:110,rCLR,Firmicutes bacterium CAG:110,Firmicutes bacterium CAG:110,firmicutes bacterium cag:110,0.0,0.0,0.0,0.0,0.0,171.9,171,10,0,0,0,0.0,0.0,0,10,0.0,0.0,0.0,0.0,0.0,mixed/zero,165
OnlyFemale,LASSO_LogisticRegression,rCLR_Firmicutes bacterium CAG:145,rCLR,Firmicutes bacterium CAG:145,Firmicutes bacterium CAG:145,firmicutes bacterium cag:145,0.0,0.0,0.0,0.0,0.0,167.9,167,10,0,0,0,0.0,0.0,0,10,0.0,0.0,0.0,0.0,0.0,mixed/zero,166
OnlyFemale,LASSO_LogisticRegression,rCLR_Firmicutes bacterium CAG:83,rCLR,Firmicutes bacterium CAG:83,Firmicutes bacterium CAG:83,firmicutes bacterium cag:83,0.0,0.0,0.0,0.0,0.0,154.1,152,10,0,0,0,0.0,0.0,0,10,0.0,0.0,0.0,0.0,0.0,mixed/zero,167
OnlyFemale,LASSO_LogisticRegression,rCLR_Flavonifractor plautii,rCLR,Flavonifractor plautii,Flavonifractor plautii,flavonifractor plautii,0.0,0.0,0.0,0.0,0.0,145.0,145,10,0,0,0,0.0,0.0,0,10,0.0,0.0,0.0,0.0,0.0,mixed/zero,168
OnlyFemale,LASSO_LogisticRegression,rCLR_Fusicatenibacter saccharivorans,rCLR,Fusicatenibacter saccharivorans,Fusicatenibacter saccharivorans,fusicatenibacter saccharivorans,0.0,0.0,0.0,0.0,0.0,131.7,118,10,0,0,0,0.0,0.0,0,10,0.0,0.0,0.0,0.0,0.0,mixed/zero,169
OnlyFemale,LASSO_LogisticRegression,rCLR_Gemmiger formicilis,rCLR,Gemmiger formicilis,Gemmiger formicilis,gemmiger formicilis,0.0,0.0,0.0,0.0,0.0,125.8,125,10,0,0,0,0.0,0.0,0,10,0.0,0.0,0.0,0.0,0.0,mixed/zero,170
OnlyFemale,LASSO_LogisticRegression,rCLR_Gordonibacter pamelaeae,rCLR,Gordonibacter pamelaeae,Gordonibacter pamelaeae,gordonibacter pamelaeae,0.0,0.0,0.0,0.0,0.0,160.0,160,10,0,0,0,0.0,0.0,0,10,0.0,0.0,0.0,0.0,0.0,mixed/zero,171
OnlyFemale,LASSO_LogisticRegression,rCLR_Holdemanella biformis,rCLR,Holdemanella biformis,Holdemanella biformis,holdemanella biformis,0.0,0.0,0.0,0.0,0.0,122.0,122,10,0,0,0,0.0,0.0,0,10,0.0,0.0,0.0,0.0,0.0,mixed/zero,172
OnlyFemale,LASSO_LogisticRegression,rCLR_Intestinibacter bartlettii,rCLR,Intestinibacter bartlettii,Intestinibacter bartlettii,intestinibacter bartlettii,0.0,0.0,0.0,0.0,0.0,181.0,181,10,0,0,0,0.0,0.0,0,10,0.0,0.0,0.0,0.0,0.0,mixed/zero,173
OnlyFemale,LASSO_LogisticRegression,rCLR_Klebsiella pneumoniae,rCLR,Klebsiella pneumoniae,Klebsiella pneumoniae,klebsiella pneumoniae,0.0,0.0,0.0,0.0,0.0,212.0,212,10,0,0,0,0.0,0.0,0,10,0.0,0.0,0.0,0.0,0.0,mixed/zero,174
OnlyFemale,LASSO_LogisticRegression,rCLR_Klebsiella quasipneumoniae,rCLR,Klebsiella quasipneumoniae,Klebsiella quasipneumoniae,klebsiella quasipneumoniae,0.0,0.0,0.0,0.0,0.0,214.0,214,10,0,0,0,0.0,0.0,0,10,0.0,0.0,0.0,0.0,0.0,mixed/zero,175
OnlyFemale,LASSO_LogisticRegression,rCLR_Klebsiella variicola,rCLR,Klebsiella variicola,Klebsiella variicola,klebsiella variicola,0.0,0.0,0.0,0.0,0.0,213.0,213,10,0,0,0,0.0,0.0,0,10,0.0,0.0,0.0,0.0,0.0,mixed/zero,176
OnlyFemale,LASSO_LogisticRegression,rCLR_Lachnospira eligens,rCLR,Lachnospira eligens,Lachnospira eligens,lachnospira eligens,0.0,0.0,0.0,0.0,0.0,154.0,154,10,0,0,0,0.0,0.0,0,10,0.0,0.0,0.0,0.0,0.0,mixed/zero,177
OnlyFemale,LASSO_LogisticRegression,rCLR_Lachnospira pectinoschiza,rCLR,Lachnospira pectinoschiza,Lachnospira pectinoschiza,lachnospira pectinoschiza,0.0,0.0,0.0,0.0,0.0,203.0,203,10,0,0,0,0.0,0.0,0,10,0.0,0.0,0.0,0.0,0.0,mixed/zero,178
OnlyFemale,LASSO_LogisticRegression,rCLR_Lawsonibacter asaccharolyticus,rCLR,Lawsonibacter asaccharolyticus,Lawsonibacter asaccharolyticus,lawsonibacter asaccharolyticus,0.0,0.0,0.0,0.0,0.0,194.0,194,10,0,0,0,0.0,0.0,0,10,0.0,0.0,0.0,0.0,0.0,mixed/zero,179
OnlyFemale,LASSO_LogisticRegression,rCLR_Megamonas funiformis,rCLR,Megamonas funiformis,Megamonas funiformis,megamonas funiformis,0.0,0.0,0.0,0.0,0.0,206.0,206,10,0,0,0,0.0,0.0,0,10,0.0,0.0,0.0,0.0,0.0,mixed/zero,180
OnlyFemale,LASSO_LogisticRegression,rCLR_Methanobrevibacter smithii,rCLR,Methanobrevibacter smithii,Methanobrevibacter smithii,methanobrevibacter smithii,0.0,0.0,0.0,0.0,0.0,166.0,166,10,0,0,0,0.0,0.0,0,10,0.0,0.0,0.0,0.0,0.0,mixed/zero,181
OnlyFemale,LASSO_LogisticRegression,rCLR_Odoribacter splanchnicus,rCLR,Odoribacter splanchnicus,Odoribacter splanchnicus,odoribacter splanchnicus,0.0,0.0,0.0,0.0,0.0,174.0,174,10,0,0,0,0.0,0.0,0,10,0.0,0.0,0.0,0.0,0.0,mixed/zero,182
OnlyFemale,LASSO_LogisticRegression,rCLR_Oscillibacter sp. 57_20,rCLR,Oscillibacter sp. 57_20,Oscillibacter sp. 57 20,oscillibacter sp. 57 20,0.0,0.0,0.0,0.0,0.0,146.0,146,10,0,0,0,0.0,0.0,0,10,0.0,0.0,0.0,0.0,0.0,mixed/zero,183
OnlyFemale,LASSO_LogisticRegression,rCLR_Oscillibacter sp. CAG:241,rCLR,Oscillibacter sp. CAG:241,Oscillibacter sp. CAG:241,oscillibacter sp. cag:241,0.0,0.0,0.0,0.0,0.0,175.0,175,10,0,0,0,0.0,0.0,0,10,0.0,0.0,0.0,0.0,0.0,mixed/zero,184
OnlyFemale,LASSO_LogisticRegression,rCLR_Parabacteroides distasonis,rCLR,Parabacteroides distasonis,Parabacteroides distasonis,parabacteroides distasonis,0.0,0.0,0.0,0.0,0.0,172.9,172,10,0,0,0,0.0,0.0,0,10,0.0,0.0,0.0,0.0,0.0,mixed/zero,185
OnlyFemale,LASSO_LogisticRegression,rCLR_Parabacteroides merdae,rCLR,Parabacteroides merdae,Parabacteroides merdae,parabacteroides merdae,0.0,0.0,0.0,0.0,0.0,162.0,162,10,0,0,0,0.0,0.0,0,10,0.0,0.0,0.0,0.0,0.0,mixed/zero,186
OnlyFemale,LASSO_LogisticRegression,rCLR_Paraprevotella xylaniphila,rCLR,Paraprevotella xylaniphila,Paraprevotella xylaniphila,paraprevotella xylaniphila,0.0,0.0,0.0,0.0,0.0,198.0,198,10,0,0,0,0.0,0.0,0,10,0.0,0.0,0.0,0.0,0.0,mixed/zero,187
OnlyFemale,LASSO_LogisticRegression,rCLR_Parasutterella excrementihominis,rCLR,Parasutterella excrementihominis,Parasutterella excrementihominis,parasutterella excrementihominis,0.0,0.0,0.0,0.0,0.0,192.0,192,10,0,0,0,0.0,0.0,0,10,0.0,0.0,0.0,0.0,0.0,mixed/zero,188
OnlyFemale,LASSO_LogisticRegression,rCLR_Parvimonas micra,rCLR,Parvimonas micra,Parvimonas micra,parvimonas micra,0.0,0.0,0.0,0.0,0.0,211.0,211,10,0,0,0,0.0,0.0,0,10,0.0,0.0,0.0,0.0,0.0,mixed/zero,189
OnlyFemale,LASSO_LogisticRegression,rCLR_Phascolarctobacterium faecium,rCLR,Phascolarctobacterium faecium,Phascolarctobacterium faecium,phascolarctobacterium faecium,0.0,0.0,0.0,0.0,0.0,207.0,207,10,0,0,0,0.0,0.0,0,10,0.0,0.0,0.0,0.0,0.0,mixed/zero,190
OnlyFemale,LASSO_LogisticRegression,rCLR_Phascolarctobacterium succinatutens,rCLR,Phascolarctobacterium succinatutens,Phascolarctobacterium succinatutens,phascolarctobacterium succinatutens,0.0,0.0,0.0,0.0,0.0,133.0,133,10,0,0,0,0.0,0.0,0,10,0.0,0.0,0.0,0.0,0.0,mixed/zero,191
OnlyFemale,LASSO_LogisticRegression,rCLR_Phocaeicola coprocola,rCLR,Phocaeicola coprocola,Phocaeicola coprocola,phocaeicola coprocola,0.0,0.0,0.0,0.0,0.0,158.0,158,10,0,0,0,0.0,0.0,0,10,0.0,0.0,0.0,0.0,0.0,mixed/zero,192
OnlyFemale,LASSO_LogisticRegression,rCLR_Phocaeicola dorei,rCLR,Phocaeicola dorei,Phocaeicola dorei,phocaeicola dorei,0.0,0.0,0.0,0.0,0.0,163.0,163,10,0,0,0,0.0,0.0,0,10,0.0,0.0,0.0,0.0,0.0,mixed/zero,193
OnlyFemale,LASSO_LogisticRegression,rCLR_Phocaeicola massiliensis,rCLR,Phocaeicola massiliensis,Phocaeicola massiliensis,phocaeicola massiliensis,0.0,0.0,0.0,0.0,0.0,205.0,205,10,0,0,0,0.0,0.0,0,10,0.0,0.0,0.0,0.0,0.0,mixed/zero,194
OnlyFemale,LASSO_LogisticRegression,rCLR_Phocaeicola plebeius,rCLR,Phocaeicola plebeius,Phocaeicola plebeius,phocaeicola plebeius,0.0,0.0,0.0,0.0,0.0,114.0,114,10,0,0,0,0.0,0.0,0,10,0.0,0.0,0.0,0.0,0.0,mixed/zero,195
OnlyFemale,LASSO_LogisticRegression,rCLR_Phocaeicola vulgatus,rCLR,Phocaeicola vulgatus,Phocaeicola vulgatus,phocaeicola vulgatus,0.0,0.0,0.0,0.0,0.0,115.0,115,10,0,0,0,0.0,0.0,0,10,0.0,0.0,0.0,0.0,0.0,mixed/zero,196
OnlyFemale,LASSO_LogisticRegression,rCLR_Prevotella copri,rCLR,Prevotella copri,Prevotella copri,prevotella copri,0.0,0.0,0.0,0.0,0.0,204.0,204,10,0,0,0,0.0,0.0,0,10,0.0,0.0,0.0,0.0,0.0,mixed/zero,197
OnlyFemale,LASSO_LogisticRegression,rCLR_Proteobacteria bacterium CAG:139,rCLR,Proteobacteria bacterium CAG:139,Proteobacteria bacterium CAG:139,proteobacteria bacterium cag:139,0.0,0.0,0.0,0.0,0.0,193.0,193,10,0,0,0,0.0,0.0,0,10,0.0,0.0,0.0,0.0,0.0,mixed/zero,198
OnlyFemale,LASSO_LogisticRegression,rCLR_Roseburia faecis,rCLR,Roseburia faecis,Roseburia faecis,roseburia faecis,0.0,0.0,0.0,0.0,0.0,157.0,157,10,0,0,0,0.0,0.0,0,10,0.0,0.0,0.0,0.0,0.0,mixed/zero,199
OnlyFemale,LASSO_LogisticRegression,rCLR_Roseburia hominis,rCLR,Roseburia hominis,Roseburia hominis,roseburia hominis,0.0,0.0,0.0,0.0,0.0,147.0,147,10,0,0,0,0.0,0.0,0,10,0.0,0.0,0.0,0.0,0.0,mixed/zero,200
OnlyFemale,LASSO_LogisticRegression,rCLR_Roseburia intestinalis,rCLR,Roseburia intestinalis,Roseburia intestinalis,roseburia intestinalis,0.0,0.0,0.0,0.0,0.0,131.0,131,10,0,0,0,0.0,0.0,0,10,0.0,0.0,0.0,0.0,0.0,mixed/zero,201
OnlyFemale,LASSO_LogisticRegression,rCLR_Roseburia inulinivorans,rCLR,Roseburia inulinivorans,Roseburia inulinivorans,roseburia inulinivorans,0.0,0.0,0.0,0.0,0.0,132.0,132,10,0,0,0,0.0,0.0,0,10,0.0,0.0,0.0,0.0,0.0,mixed/zero,202
OnlyFemale,LASSO_LogisticRegression,rCLR_Ruminococcus bicirculans,rCLR,Ruminococcus bicirculans,Ruminococcus bicirculans,ruminococcus bicirculans,0.0,0.0,0.0,0.0,0.0,170.0,170,10,0,0,0,0.0,0.0,0,10,0.0,0.0,0.0,0.0,0.0,mixed/zero,203
OnlyFemale,LASSO_LogisticRegression,rCLR_Ruminococcus bromii,rCLR,Ruminococcus bromii,Ruminococcus bromii,ruminococcus bromii,0.0,0.0,0.0,0.0,0.0,151.9,151,10,0,0,0,0.0,0.0,0,10,0.0,0.0,0.0,0.0,0.0,mixed/zero,204
OnlyFemale,LASSO_LogisticRegression,rCLR_Slackia isoflavoniconvertens,rCLR,Slackia isoflavoniconvertens,Slackia isoflavoniconvertens,slackia isoflavoniconvertens,0.0,0.0,0.0,0.0,0.0,183.6,183,10,0,0,0,0.0,0.0,0,10,0.0,0.0,0.0,0.0,0.0,mixed/zero,205
OnlyFemale,LASSO_LogisticRegression,rCLR_Streptococcus parasanguinis,rCLR,Streptococcus parasanguinis,Streptococcus parasanguinis,streptococcus parasanguinis,0.0,0.0,0.0,0.0,0.0,127.8,127,10,0,0,0,0.0,0.0,0,10,0.0,0.0,0.0,0.0,0.0,mixed/zero,206
OnlyFemale,LASSO_LogisticRegression,rCLR_Streptococcus salivarius,rCLR,Streptococcus salivarius,Streptococcus salivarius,streptococcus salivarius,0.0,0.0,0.0,0.0,0.0,109.8,109,10,0,0,0,0.0,0.0,0,10,0.0,0.0,0.0,0.0,0.0,mixed/zero,207
OnlyFemale,LASSO_LogisticRegression,rCLR_Streptococcus thermophilus,rCLR,Streptococcus thermophilus,Streptococcus thermophilus,streptococcus thermophilus,0.0,0.0,0.0,0.0,0.0,140.0,140,10,0,0,0,0.0,0.0,0,10,0.0,0.0,0.0,0.0,0.0,mixed/zero,208
OnlyFemale,LASSO_LogisticRegression,rCLR_Veillonella atypica,rCLR,Veillonella atypica,Veillonella atypica,veillonella atypica,0.0,0.0,0.0,0.0,0.0,151.8,150,10,0,0,0,0.0,0.0,0,10,0.0,0.0,0.0,0.0,0.0,mixed/zero,209
OnlyFemale,LASSO_LogisticRegression,rCLR_Veillonella parvula,rCLR,Veillonella parvula,Veillonella parvula,veillonella parvula,0.0,0.0,0.0,0.0,0.0,157.2,153,10,0,0,0,0.0,0.0,0,10,0.0,0.0,0.0,0.0,0.0,mixed/zero,210
OnlyFemale,LASSO_LogisticRegression,rCLR_[Eubacterium] rectale,rCLR,[Eubacterium] rectale,[Eubacterium] rectale,[eubacterium] rectale,0.0,0.0,0.0,0.0,0.0,134.0,134,10,0,0,0,0.0,0.0,0,10,0.0,0.0,0.0,0.0,0.0,mixed/zero,211
OnlyFemale,LASSO_LogisticRegression,rCLR_[Eubacterium] siraeum,rCLR,[Eubacterium] siraeum,[Eubacterium] siraeum,[eubacterium] siraeum,0.0,0.0,0.0,0.0,0.0,164.0,164,10,0,0,0,0.0,0.0,0,10,0.0,0.0,0.0,0.0,0.0,mixed/zero,212
OnlyFemale,LASSO_LogisticRegression,rCLR_[Ruminococcus] gnavus,rCLR,[Ruminococcus] gnavus,[Ruminococcus] gnavus,[ruminococcus] gnavus,0.0,0.0,0.0,0.0,0.0,163.4,155,10,0,0,0,0.0,0.0,0,10,0.0,0.0,0.0,0.0,0.0,mixed/zero,213
OnlyFemale,LASSO_LogisticRegression,rCLR_[Ruminococcus] lactaris,rCLR,[Ruminococcus] lactaris,[Ruminococcus] lactaris,[ruminococcus] lactaris,0.0,0.0,0.0,0.0,0.0,129.0,129,10,0,0,0,0.0,0.0,0,10,0.0,0.0,0.0,0.0,0.0,mixed/zero,214
OnlyFemale,LASSO_LogisticRegression,rCLR_[Ruminococcus] torques,rCLR,[Ruminococcus] torques,[Ruminococcus] torques,[ruminococcus] torques,0.0,0.0,0.0,0.0,0.0,121.5,120,10,0,0,0,0.0,0.0,0,10,0.0,0.0,0.0,0.0,0.0,mixed/zero,215
