Arrangement,Model,Study,Selected_C,Fold_AUC,Fold_AUPRC,Fold_F1,Feature,Feature_Type,Species,Species_clean,Species_key,Coefficient,AbsCoefficient,IsNonZero,Direction,AbsCoefRank
OnlyFemale,LASSO_LogisticRegression,YuJ_2015,0.03,0.7857142857142858,0.8700332812626231,0.782608695652174,PA_Parvimonas micra,PA,Parvimonas micra,Parvimonas micra,parvimonas micra,0.21057260180604265,0.21057260180604265,True,CRC-associated,1
OnlyFemale,LASSO_LogisticRegression,YuJ_2015,0.03,0.7857142857142858,0.8700332812626231,0.782608695652174,rCLR_Anaerostipes hadrus,rCLR,Anaerostipes hadrus,Anaerostipes hadrus,anaerostipes hadrus,-0.06280682675636227,0.06280682675636227,True,Control-associated,2
OnlyFemale,LASSO_LogisticRegression,YuJ_2015,0.03,0.7857142857142858,0.8700332812626231,0.782608695652174,PA_Flavonifractor plautii,PA,Flavonifractor plautii,Flavonifractor plautii,flavonifractor plautii,0.04363218912380798,0.04363218912380798,True,CRC-associated,3
OnlyFemale,LASSO_LogisticRegression,YuJ_2015,0.03,0.7857142857142858,0.8700332812626231,0.782608695652174,rCLR_Dorea formicigenerans,rCLR,Dorea formicigenerans,Dorea formicigenerans,dorea formicigenerans,0.02141148741408226,0.02141148741408226,True,CRC-associated,4
OnlyFemale,LASSO_LogisticRegression,YuJ_2015,0.03,0.7857142857142858,0.8700332812626231,0.782608695652174,rCLR_Bacteroides fragilis,rCLR,Bacteroides fragilis,Bacteroides fragilis,bacteroides fragilis,0.011208043984449769,0.011208043984449769,True,CRC-associated,5
OnlyFemale,LASSO_LogisticRegression,YuJ_2015,0.03,0.7857142857142858,0.8700332812626231,0.782608695652174,rCLR_Ruthenibacterium lactatiformans,rCLR,Ruthenibacterium lactatiformans,Ruthenibacterium lactatiformans,ruthenibacterium lactatiformans,0.007748419034831935,0.007748419034831935,True,CRC-associated,6
OnlyFemale,LASSO_LogisticRegression,YuJ_2015,0.03,0.7857142857142858,0.8700332812626231,0.782608695652174,PA_Phocaeicola plebeius,PA,Phocaeicola plebeius,Phocaeicola plebeius,phocaeicola plebeius,0.003900814337964233,0.003900814337964233,True,CRC-associated,7
OnlyFemale,LASSO_LogisticRegression,YuJ_2015,0.03,0.7857142857142858,0.8700332812626231,0.782608695652174,PA_Phocaeicola vulgatus,PA,Phocaeicola vulgatus,Phocaeicola vulgatus,phocaeicola vulgatus,0.0,0.0,False,zero,8
OnlyFemale,LASSO_LogisticRegression,YuJ_2015,0.03,0.7857142857142858,0.8700332812626231,0.782608695652174,PA_Dorea longicatena,PA,Dorea longicatena,Dorea longicatena,dorea longicatena,0.0,0.0,False,zero,9
OnlyFemale,LASSO_LogisticRegression,YuJ_2015,0.03,0.7857142857142858,0.8700332812626231,0.782608695652174,PA_Eubacterium sp. CAG:251,PA,Eubacterium sp. CAG:251,Eubacterium sp. CAG:251,eubacterium sp. cag:251,0.0,0.0,False,zero,10
OnlyFemale,LASSO_LogisticRegression,YuJ_2015,0.03,0.7857142857142858,0.8700332812626231,0.782608695652174,PA_Fusicatenibacter saccharivorans,PA,Fusicatenibacter saccharivorans,Fusicatenibacter saccharivorans,fusicatenibacter saccharivorans,0.0,0.0,False,zero,11
OnlyFemale,LASSO_LogisticRegression,YuJ_2015,0.03,0.7857142857142858,0.8700332812626231,0.782608695652174,PA_Coprococcus comes,PA,Coprococcus comes,Coprococcus comes,coprococcus comes,0.0,0.0,False,zero,12
OnlyFemale,LASSO_LogisticRegression,YuJ_2015,0.03,0.7857142857142858,0.8700332812626231,0.782608695652174,PA_[Ruminococcus] torques,PA,[Ruminococcus] torques,[Ruminococcus] torques,[ruminococcus] torques,0.0,0.0,False,zero,13
OnlyFemale,LASSO_LogisticRegression,YuJ_2015,0.03,0.7857142857142858,0.8700332812626231,0.782608695652174,PA_Anaerobutyricum hallii,PA,Anaerobutyricum hallii,Anaerobutyricum hallii,anaerobutyricum hallii,0.0,0.0,False,zero,14
OnlyFemale,LASSO_LogisticRegression,YuJ_2015,0.03,0.7857142857142858,0.8700332812626231,0.782608695652174,PA_Holdemanella biformis,PA,Holdemanella biformis,Holdemanella biformis,holdemanella biformis,0.0,0.0,False,zero,15
OnlyFemale,LASSO_LogisticRegression,YuJ_2015,0.03,0.7857142857142858,0.8700332812626231,0.782608695652174,PA_Bacteroides uniformis,PA,Bacteroides uniformis,Bacteroides uniformis,bacteroides uniformis,0.0,0.0,False,zero,16
OnlyFemale,LASSO_LogisticRegression,YuJ_2015,0.03,0.7857142857142858,0.8700332812626231,0.782608695652174,PA_Blautia wexlerae,PA,Blautia wexlerae,Blautia wexlerae,blautia wexlerae,0.0,0.0,False,zero,17
OnlyFemale,LASSO_LogisticRegression,YuJ_2015,0.03,0.7857142857142858,0.8700332812626231,0.782608695652174,PA_Gemmiger formicilis,PA,Gemmiger formicilis,Gemmiger formicilis,gemmiger formicilis,0.0,0.0,False,zero,18
OnlyFemale,LASSO_LogisticRegression,YuJ_2015,0.03,0.7857142857142858,0.8700332812626231,0.782608695652174,PA_Streptococcus salivarius,PA,Streptococcus salivarius,Streptococcus salivarius,streptococcus salivarius,0.0,0.0,False,zero,19
OnlyFemale,LASSO_LogisticRegression,YuJ_2015,0.03,0.7857142857142858,0.8700332812626231,0.782608695652174,PA_Anaerostipes hadrus,PA,Anaerostipes hadrus,Anaerostipes hadrus,anaerostipes hadrus,0.0,0.0,False,zero,20
OnlyFemale,LASSO_LogisticRegression,YuJ_2015,0.03,0.7857142857142858,0.8700332812626231,0.782608695652174,PA_Bacteroides stercoris,PA,Bacteroides stercoris,Bacteroides stercoris,bacteroides stercoris,0.0,0.0,False,zero,21
OnlyFemale,LASSO_LogisticRegression,YuJ_2015,0.03,0.7857142857142858,0.8700332812626231,0.782608695652174,PA_Collinsella aerofaciens,PA,Collinsella aerofaciens,Collinsella aerofaciens,collinsella aerofaciens,0.0,0.0,False,zero,22
OnlyFemale,LASSO_LogisticRegression,YuJ_2015,0.03,0.7857142857142858,0.8700332812626231,0.782608695652174,PA_Faecalibacterium prausnitzii,PA,Faecalibacterium prausnitzii,Faecalibacterium prausnitzii,faecalibacterium prausnitzii,0.0,0.0,False,zero,23
OnlyFemale,LASSO_LogisticRegression,YuJ_2015,0.03,0.7857142857142858,0.8700332812626231,0.782608695652174,PA_Coprococcus catus,PA,Coprococcus catus,Coprococcus catus,coprococcus catus,0.0,0.0,False,zero,24
OnlyFemale,LASSO_LogisticRegression,YuJ_2015,0.03,0.7857142857142858,0.8700332812626231,0.782608695652174,PA_Roseburia intestinalis,PA,Roseburia intestinalis,Roseburia intestinalis,roseburia intestinalis,0.0,0.0,False,zero,25
OnlyFemale,LASSO_LogisticRegression,YuJ_2015,0.03,0.7857142857142858,0.8700332812626231,0.782608695652174,PA_Phascolarctobacterium succinatutens,PA,Phascolarctobacterium succinatutens,Phascolarctobacterium succinatutens,phascolarctobacterium succinatutens,0.0,0.0,False,zero,26
OnlyFemale,LASSO_LogisticRegression,YuJ_2015,0.03,0.7857142857142858,0.8700332812626231,0.782608695652174,PA_Roseburia inulinivorans,PA,Roseburia inulinivorans,Roseburia inulinivorans,roseburia inulinivorans,0.0,0.0,False,zero,27
OnlyFemale,LASSO_LogisticRegression,YuJ_2015,0.03,0.7857142857142858,0.8700332812626231,0.782608695652174,PA_Blautia obeum,PA,Blautia obeum,Blautia obeum,blautia obeum,0.0,0.0,False,zero,28
OnlyFemale,LASSO_LogisticRegression,YuJ_2015,0.03,0.7857142857142858,0.8700332812626231,0.782608695652174,PA_Agathobaculum butyriciproducens,PA,Agathobaculum butyriciproducens,Agathobaculum butyriciproducens,agathobaculum butyriciproducens,0.0,0.0,False,zero,29
OnlyFemale,LASSO_LogisticRegression,YuJ_2015,0.03,0.7857142857142858,0.8700332812626231,0.782608695652174,PA_Bacteroides xylanisolvens,PA,Bacteroides xylanisolvens,Bacteroides xylanisolvens,bacteroides xylanisolvens,0.0,0.0,False,zero,30
OnlyFemale,LASSO_LogisticRegression,YuJ_2015,0.03,0.7857142857142858,0.8700332812626231,0.782608695652174,PA_[Eubacterium] rectale,PA,[Eubacterium] rectale,[Eubacterium] rectale,[eubacterium] rectale,0.0,0.0,False,zero,31
OnlyFemale,LASSO_LogisticRegression,YuJ_2015,0.03,0.7857142857142858,0.8700332812626231,0.782608695652174,PA_Bacteroides ovatus,PA,Bacteroides ovatus,Bacteroides ovatus,bacteroides ovatus,0.0,0.0,False,zero,32
OnlyFemale,LASSO_LogisticRegression,YuJ_2015,0.03,0.7857142857142858,0.8700332812626231,0.782608695652174,PA_Bacteroides thetaiotaomicron,PA,Bacteroides thetaiotaomicron,Bacteroides thetaiotaomicron,bacteroides thetaiotaomicron,0.0,0.0,False,zero,33
OnlyFemale,LASSO_LogisticRegression,YuJ_2015,0.03,0.7857142857142858,0.8700332812626231,0.782608695652174,PA_Eubacterium ramulus,PA,Eubacterium ramulus,Eubacterium ramulus,eubacterium ramulus,0.0,0.0,False,zero,34
OnlyFemale,LASSO_LogisticRegression,YuJ_2015,0.03,0.7857142857142858,0.8700332812626231,0.782608695652174,PA_Streptococcus thermophilus,PA,Streptococcus thermophilus,Streptococcus thermophilus,streptococcus thermophilus,0.0,0.0,False,zero,35
OnlyFemale,LASSO_LogisticRegression,YuJ_2015,0.03,0.7857142857142858,0.8700332812626231,0.782608695652174,PA_Bifidobacterium adolescentis,PA,Bifidobacterium adolescentis,Bifidobacterium adolescentis,bifidobacterium adolescentis,0.0,0.0,False,zero,36
OnlyFemale,LASSO_LogisticRegression,YuJ_2015,0.03,0.7857142857142858,0.8700332812626231,0.782608695652174,PA_Eubacterium sp. CAG:274,PA,Eubacterium sp. CAG:274,Eubacterium sp. CAG:274,eubacterium sp. cag:274,0.0,0.0,False,zero,37
OnlyFemale,LASSO_LogisticRegression,YuJ_2015,0.03,0.7857142857142858,0.8700332812626231,0.782608695652174,PA_Eubacterium ventriosum,PA,Eubacterium ventriosum,Eubacterium ventriosum,eubacterium ventriosum,0.0,0.0,False,zero,38
OnlyFemale,LASSO_LogisticRegression,YuJ_2015,0.03,0.7857142857142858,0.8700332812626231,0.782608695652174,PA_Oscillibacter sp. 57_20,PA,Oscillibacter sp. 57_20,Oscillibacter sp. 57 20,oscillibacter sp. 57 20,0.0,0.0,False,zero,39
OnlyFemale,LASSO_LogisticRegression,YuJ_2015,0.03,0.7857142857142858,0.8700332812626231,0.782608695652174,PA_Roseburia hominis,PA,Roseburia hominis,Roseburia hominis,roseburia hominis,0.0,0.0,False,zero,40
OnlyFemale,LASSO_LogisticRegression,YuJ_2015,0.03,0.7857142857142858,0.8700332812626231,0.782608695652174,PA_Alistipes finegoldii,PA,Alistipes finegoldii,Alistipes finegoldii,alistipes finegoldii,0.0,0.0,False,zero,41
OnlyFemale,LASSO_LogisticRegression,YuJ_2015,0.03,0.7857142857142858,0.8700332812626231,0.782608695652174,PA_Alistipes putredinis,PA,Alistipes putredinis,Alistipes putredinis,alistipes putredinis,0.0,0.0,False,zero,42
OnlyFemale,LASSO_LogisticRegression,YuJ_2015,0.03,0.7857142857142858,0.8700332812626231,0.782608695652174,PA_Veillonella atypica,PA,Veillonella atypica,Veillonella atypica,veillonella atypica,0.0,0.0,False,zero,43
OnlyFemale,LASSO_LogisticRegression,YuJ_2015,0.03,0.7857142857142858,0.8700332812626231,0.782608695652174,PA_Ruminococcus bromii,PA,Ruminococcus bromii,Ruminococcus bromii,ruminococcus bromii,0.0,0.0,False,zero,44
OnlyFemale,LASSO_LogisticRegression,YuJ_2015,0.03,0.7857142857142858,0.8700332812626231,0.782608695652174,PA_Firmicutes bacterium CAG:83,PA,Firmicutes bacterium CAG:83,Firmicutes bacterium CAG:83,firmicutes bacterium cag:83,0.0,0.0,False,zero,45
OnlyFemale,LASSO_LogisticRegression,YuJ_2015,0.03,0.7857142857142858,0.8700332812626231,0.782608695652174,PA_Veillonella parvula,PA,Veillonella parvula,Veillonella parvula,veillonella parvula,0.0,0.0,False,zero,46
OnlyFemale,LASSO_LogisticRegression,YuJ_2015,0.03,0.7857142857142858,0.8700332812626231,0.782608695652174,PA_Lachnospira eligens,PA,Lachnospira eligens,Lachnospira eligens,lachnospira eligens,0.0,0.0,False,zero,47
OnlyFemale,LASSO_LogisticRegression,YuJ_2015,0.03,0.7857142857142858,0.8700332812626231,0.782608695652174,PA_[Ruminococcus] gnavus,PA,[Ruminococcus] gnavus,[Ruminococcus] gnavus,[ruminococcus] gnavus,0.0,0.0,False,zero,48
OnlyFemale,LASSO_LogisticRegression,YuJ_2015,0.03,0.7857142857142858,0.8700332812626231,0.782608695652174,PA_Bacteroides eggerthii,PA,Bacteroides eggerthii,Bacteroides eggerthii,bacteroides eggerthii,0.0,0.0,False,zero,49
OnlyFemale,LASSO_LogisticRegression,YuJ_2015,0.03,0.7857142857142858,0.8700332812626231,0.782608695652174,PA_Roseburia faecis,PA,Roseburia faecis,Roseburia faecis,roseburia faecis,0.0,0.0,False,zero,50
OnlyFemale,LASSO_LogisticRegression,YuJ_2015,0.03,0.7857142857142858,0.8700332812626231,0.782608695652174,PA_Phocaeicola coprocola,PA,Phocaeicola coprocola,Phocaeicola coprocola,phocaeicola coprocola,0.0,0.0,False,zero,51
OnlyFemale,LASSO_LogisticRegression,YuJ_2015,0.03,0.7857142857142858,0.8700332812626231,0.782608695652174,PA_Adlercreutzia equolifaciens,PA,Adlercreutzia equolifaciens,Adlercreutzia equolifaciens,adlercreutzia equolifaciens,0.0,0.0,False,zero,52
OnlyFemale,LASSO_LogisticRegression,YuJ_2015,0.03,0.7857142857142858,0.8700332812626231,0.782608695652174,PA_Gordonibacter pamelaeae,PA,Gordonibacter pamelaeae,Gordonibacter pamelaeae,gordonibacter pamelaeae,0.0,0.0,False,zero,53
OnlyFemale,LASSO_LogisticRegression,YuJ_2015,0.03,0.7857142857142858,0.8700332812626231,0.782608695652174,PA_Eubacterium sp. CAG:180,PA,Eubacterium sp. CAG:180,Eubacterium sp. CAG:180,eubacterium sp. cag:180,0.0,0.0,False,zero,54
OnlyFemale,LASSO_LogisticRegression,YuJ_2015,0.03,0.7857142857142858,0.8700332812626231,0.782608695652174,PA_Parabacteroides merdae,PA,Parabacteroides merdae,Parabacteroides merdae,parabacteroides merdae,0.0,0.0,False,zero,55
OnlyFemale,LASSO_LogisticRegression,YuJ_2015,0.03,0.7857142857142858,0.8700332812626231,0.782608695652174,PA_Phocaeicola dorei,PA,Phocaeicola dorei,Phocaeicola dorei,phocaeicola dorei,0.0,0.0,False,zero,56
OnlyFemale,LASSO_LogisticRegression,YuJ_2015,0.03,0.7857142857142858,0.8700332812626231,0.782608695652174,PA_[Eubacterium] siraeum,PA,[Eubacterium] siraeum,[Eubacterium] siraeum,[eubacterium] siraeum,0.0,0.0,False,zero,57
OnlyFemale,LASSO_LogisticRegression,YuJ_2015,0.03,0.7857142857142858,0.8700332812626231,0.782608695652174,PA_Barnesiella intestinihominis,PA,Barnesiella intestinihominis,Barnesiella intestinihominis,barnesiella intestinihominis,0.0,0.0,False,zero,58
OnlyFemale,LASSO_LogisticRegression,YuJ_2015,0.03,0.7857142857142858,0.8700332812626231,0.782608695652174,PA_Methanobrevibacter smithii,PA,Methanobrevibacter smithii,Methanobrevibacter smithii,methanobrevibacter smithii,0.0,0.0,False,zero,59
OnlyFemale,LASSO_LogisticRegression,YuJ_2015,0.03,0.7857142857142858,0.8700332812626231,0.782608695652174,PA_Firmicutes bacterium CAG:145,PA,Firmicutes bacterium CAG:145,Firmicutes bacterium CAG:145,firmicutes bacterium cag:145,0.0,0.0,False,zero,60
OnlyFemale,LASSO_LogisticRegression,YuJ_2015,0.03,0.7857142857142858,0.8700332812626231,0.782608695652174,PA_Bacteroides cellulosilyticus,PA,Bacteroides cellulosilyticus,Bacteroides cellulosilyticus,bacteroides cellulosilyticus,0.0,0.0,False,zero,61
OnlyFemale,LASSO_LogisticRegression,YuJ_2015,0.03,0.7857142857142858,0.8700332812626231,0.782608695652174,PA_Adlercreutzia equolifaciens_1,PA,Adlercreutzia equolifaciens_1,Adlercreutzia equolifaciens 1,adlercreutzia equolifaciens 1,0.0,0.0,False,zero,62
OnlyFemale,LASSO_LogisticRegression,YuJ_2015,0.03,0.7857142857142858,0.8700332812626231,0.782608695652174,PA_Ruminococcus bicirculans,PA,Ruminococcus bicirculans,Ruminococcus bicirculans,ruminococcus bicirculans,0.0,0.0,False,zero,63
OnlyFemale,LASSO_LogisticRegression,YuJ_2015,0.03,0.7857142857142858,0.8700332812626231,0.782608695652174,PA_Firmicutes bacterium CAG:110,PA,Firmicutes bacterium CAG:110,Firmicutes bacterium CAG:110,firmicutes bacterium cag:110,0.0,0.0,False,zero,64
OnlyFemale,LASSO_LogisticRegression,YuJ_2015,0.03,0.7857142857142858,0.8700332812626231,0.782608695652174,PA_Parabacteroides distasonis,PA,Parabacteroides distasonis,Parabacteroides distasonis,parabacteroides distasonis,0.0,0.0,False,zero,65
OnlyFemale,LASSO_LogisticRegression,YuJ_2015,0.03,0.7857142857142858,0.8700332812626231,0.782608695652174,PA_Ruthenibacterium lactatiformans,PA,Ruthenibacterium lactatiformans,Ruthenibacterium lactatiformans,ruthenibacterium lactatiformans,0.0,0.0,False,zero,66
OnlyFemale,LASSO_LogisticRegression,YuJ_2015,0.03,0.7857142857142858,0.8700332812626231,0.782608695652174,PA_Odoribacter splanchnicus,PA,Odoribacter splanchnicus,Odoribacter splanchnicus,odoribacter splanchnicus,0.0,0.0,False,zero,67
OnlyFemale,LASSO_LogisticRegression,YuJ_2015,0.03,0.7857142857142858,0.8700332812626231,0.782608695652174,PA_Oscillibacter sp. CAG:241,PA,Oscillibacter sp. CAG:241,Oscillibacter sp. CAG:241,oscillibacter sp. cag:241,0.0,0.0,False,zero,68
OnlyFemale,LASSO_LogisticRegression,YuJ_2015,0.03,0.7857142857142858,0.8700332812626231,0.782608695652174,PA_Alistipes shahii,PA,Alistipes shahii,Alistipes shahii,alistipes shahii,0.0,0.0,False,zero,69
OnlyFemale,LASSO_LogisticRegression,YuJ_2015,0.03,0.7857142857142858,0.8700332812626231,0.782608695652174,PA_Eggerthella lenta,PA,Eggerthella lenta,Eggerthella lenta,eggerthella lenta,0.0,0.0,False,zero,70
OnlyFemale,LASSO_LogisticRegression,YuJ_2015,0.03,0.7857142857142858,0.8700332812626231,0.782608695652174,PA_Escherichia coli,PA,Escherichia coli,Escherichia coli,escherichia coli,0.0,0.0,False,zero,71
OnlyFemale,LASSO_LogisticRegression,YuJ_2015,0.03,0.7857142857142858,0.8700332812626231,0.782608695652174,PA_Butyricimonas virosa,PA,Butyricimonas virosa,Butyricimonas virosa,butyricimonas virosa,0.0,0.0,False,zero,72
OnlyFemale,LASSO_LogisticRegression,YuJ_2015,0.03,0.7857142857142858,0.8700332812626231,0.782608695652174,PA_Bacteroides sp. CAG:144,PA,Bacteroides sp. CAG:144,Bacteroides sp. CAG:144,bacteroides sp. cag:144,0.0,0.0,False,zero,73
OnlyFemale,LASSO_LogisticRegression,YuJ_2015,0.03,0.7857142857142858,0.8700332812626231,0.782608695652174,PA_Intestinibacter bartlettii,PA,Intestinibacter bartlettii,Intestinibacter bartlettii,intestinibacter bartlettii,0.0,0.0,False,zero,74
OnlyFemale,LASSO_LogisticRegression,YuJ_2015,0.03,0.7857142857142858,0.8700332812626231,0.782608695652174,PA_Erysipelatoclostridium ramosum,PA,Erysipelatoclostridium ramosum,Erysipelatoclostridium ramosum,erysipelatoclostridium ramosum,0.0,0.0,False,zero,75
OnlyFemale,LASSO_LogisticRegression,YuJ_2015,0.03,0.7857142857142858,0.8700332812626231,0.782608695652174,PA_Slackia isoflavoniconvertens,PA,Slackia isoflavoniconvertens,Slackia isoflavoniconvertens,slackia isoflavoniconvertens,0.0,0.0,False,zero,76
OnlyFemale,LASSO_LogisticRegression,YuJ_2015,0.03,0.7857142857142858,0.8700332812626231,0.782608695652174,PA_Clostridium sp. CAG:58,PA,Clostridium sp. CAG:58,Clostridium sp. CAG:58,clostridium sp. cag:58,0.0,0.0,False,zero,77
OnlyFemale,LASSO_LogisticRegression,YuJ_2015,0.03,0.7857142857142858,0.8700332812626231,0.782608695652174,PA_Akkermansia muciniphila,PA,Akkermansia muciniphila,Akkermansia muciniphila,akkermansia muciniphila,0.0,0.0,False,zero,78
OnlyFemale,LASSO_LogisticRegression,YuJ_2015,0.03,0.7857142857142858,0.8700332812626231,0.782608695652174,PA_Bacteroides intestinalis,PA,Bacteroides intestinalis,Bacteroides intestinalis,bacteroides intestinalis,0.0,0.0,False,zero,79
OnlyFemale,LASSO_LogisticRegression,YuJ_2015,0.03,0.7857142857142858,0.8700332812626231,0.782608695652174,PA_Bifidobacterium pseudocatenulatum,PA,Bifidobacterium pseudocatenulatum,Bifidobacterium pseudocatenulatum,bifidobacterium pseudocatenulatum,0.0,0.0,False,zero,80
OnlyFemale,LASSO_LogisticRegression,YuJ_2015,0.03,0.7857142857142858,0.8700332812626231,0.782608695652174,PA_Eubacterium sp. CAG:38,PA,Eubacterium sp. CAG:38,Eubacterium sp. CAG:38,eubacterium sp. cag:38,0.0,0.0,False,zero,81
OnlyFemale,LASSO_LogisticRegression,YuJ_2015,0.03,0.7857142857142858,0.8700332812626231,0.782608695652174,PA_Bacteroides fragilis,PA,Bacteroides fragilis,Bacteroides fragilis,bacteroides fragilis,0.0,0.0,False,zero,82
OnlyFemale,LASSO_LogisticRegression,YuJ_2015,0.03,0.7857142857142858,0.8700332812626231,0.782608695652174,PA_Dorea formicigenerans,PA,Dorea formicigenerans,Dorea formicigenerans,dorea formicigenerans,0.0,0.0,False,zero,83
OnlyFemale,LASSO_LogisticRegression,YuJ_2015,0.03,0.7857142857142858,0.8700332812626231,0.782608695652174,PA_Streptococcus parasanguinis,PA,Streptococcus parasanguinis,Streptococcus parasanguinis,streptococcus parasanguinis,0.0,0.0,False,zero,84
OnlyFemale,LASSO_LogisticRegression,YuJ_2015,0.03,0.7857142857142858,0.8700332812626231,0.782608695652174,PA_Coprococcus eutactus,PA,Coprococcus eutactus,Coprococcus eutactus,coprococcus eutactus,0.0,0.0,False,zero,85
OnlyFemale,LASSO_LogisticRegression,YuJ_2015,0.03,0.7857142857142858,0.8700332812626231,0.782608695652174,PA_[Ruminococcus] lactaris,PA,[Ruminococcus] lactaris,[Ruminococcus] lactaris,[ruminococcus] lactaris,0.0,0.0,False,zero,86
OnlyFemale,LASSO_LogisticRegression,YuJ_2015,0.03,0.7857142857142858,0.8700332812626231,0.782608695652174,PA_Bifidobacterium longum,PA,Bifidobacterium longum,Bifidobacterium longum,bifidobacterium longum,0.0,0.0,False,zero,87
OnlyFemale,LASSO_LogisticRegression,YuJ_2015,0.03,0.7857142857142858,0.8700332812626231,0.782608695652174,PA_Lawsonibacter asaccharolyticus,PA,Lawsonibacter asaccharolyticus,Lawsonibacter asaccharolyticus,lawsonibacter asaccharolyticus,0.0,0.0,False,zero,88
OnlyFemale,LASSO_LogisticRegression,YuJ_2015,0.03,0.7857142857142858,0.8700332812626231,0.782608695652174,PA_Proteobacteria bacterium CAG:139,PA,Proteobacteria bacterium CAG:139,Proteobacteria bacterium CAG:139,proteobacteria bacterium cag:139,0.0,0.0,False,zero,89
OnlyFemale,LASSO_LogisticRegression,YuJ_2015,0.03,0.7857142857142858,0.8700332812626231,0.782608695652174,PA_Parasutterella excrementihominis,PA,Parasutterella excrementihominis,Parasutterella excrementihominis,parasutterella excrementihominis,0.0,0.0,False,zero,90
OnlyFemale,LASSO_LogisticRegression,YuJ_2015,0.03,0.7857142857142858,0.8700332812626231,0.782608695652174,PA_Blautia sp. CAG:257,PA,Blautia sp. CAG:257,Blautia sp. CAG:257,blautia sp. cag:257,0.0,0.0,False,zero,91
OnlyFemale,LASSO_LogisticRegression,YuJ_2015,0.03,0.7857142857142858,0.8700332812626231,0.782608695652174,PA_Bifidobacterium bifidum,PA,Bifidobacterium bifidum,Bifidobacterium bifidum,bifidobacterium bifidum,0.0,0.0,False,zero,92
OnlyFemale,LASSO_LogisticRegression,YuJ_2015,0.03,0.7857142857142858,0.8700332812626231,0.782608695652174,PA_Enterocloster bolteae,PA,Enterocloster bolteae,Enterocloster bolteae,enterocloster bolteae,0.0,0.0,False,zero,93
OnlyFemale,LASSO_LogisticRegression,YuJ_2015,0.03,0.7857142857142858,0.8700332812626231,0.782608695652174,PA_Dialister invisus,PA,Dialister invisus,Dialister invisus,dialister invisus,0.0,0.0,False,zero,94
OnlyFemale,LASSO_LogisticRegression,YuJ_2015,0.03,0.7857142857142858,0.8700332812626231,0.782608695652174,PA_Coprobacter fastidiosus,PA,Coprobacter fastidiosus,Coprobacter fastidiosus,coprobacter fastidiosus,0.0,0.0,False,zero,95
OnlyFemale,LASSO_LogisticRegression,YuJ_2015,0.03,0.7857142857142858,0.8700332812626231,0.782608695652174,PA_Lachnospira pectinoschiza,PA,Lachnospira pectinoschiza,Lachnospira pectinoschiza,lachnospira pectinoschiza,0.0,0.0,False,zero,96
OnlyFemale,LASSO_LogisticRegression,YuJ_2015,0.03,0.7857142857142858,0.8700332812626231,0.782608695652174,PA_Prevotella copri,PA,Prevotella copri,Prevotella copri,prevotella copri,0.0,0.0,False,zero,97
OnlyFemale,LASSO_LogisticRegression,YuJ_2015,0.03,0.7857142857142858,0.8700332812626231,0.782608695652174,PA_Phocaeicola massiliensis,PA,Phocaeicola massiliensis,Phocaeicola massiliensis,phocaeicola massiliensis,0.0,0.0,False,zero,98
OnlyFemale,LASSO_LogisticRegression,YuJ_2015,0.03,0.7857142857142858,0.8700332812626231,0.782608695652174,PA_Megamonas funiformis,PA,Megamonas funiformis,Megamonas funiformis,megamonas funiformis,0.0,0.0,False,zero,99
OnlyFemale,LASSO_LogisticRegression,YuJ_2015,0.03,0.7857142857142858,0.8700332812626231,0.782608695652174,PA_Phascolarctobacterium faecium,PA,Phascolarctobacterium faecium,Phascolarctobacterium faecium,phascolarctobacterium faecium,0.0,0.0,False,zero,100
OnlyFemale,LASSO_LogisticRegression,YuJ_2015,0.03,0.7857142857142858,0.8700332812626231,0.782608695652174,PA_Acidaminococcus intestini,PA,Acidaminococcus intestini,Acidaminococcus intestini,acidaminococcus intestini,0.0,0.0,False,zero,101
OnlyFemale,LASSO_LogisticRegression,YuJ_2015,0.03,0.7857142857142858,0.8700332812626231,0.782608695652174,PA_Bacteroides finegoldii,PA,Bacteroides finegoldii,Bacteroides finegoldii,bacteroides finegoldii,0.0,0.0,False,zero,102
OnlyFemale,LASSO_LogisticRegression,YuJ_2015,0.03,0.7857142857142858,0.8700332812626231,0.782608695652174,PA_Alistipes inops,PA,Alistipes inops,Alistipes inops,alistipes inops,0.0,0.0,False,zero,103
OnlyFemale,LASSO_LogisticRegression,YuJ_2015,0.03,0.7857142857142858,0.8700332812626231,0.782608695652174,PA_Bacteroides salyersiae,PA,Bacteroides salyersiae,Bacteroides salyersiae,bacteroides salyersiae,0.0,0.0,False,zero,104
OnlyFemale,LASSO_LogisticRegression,YuJ_2015,0.03,0.7857142857142858,0.8700332812626231,0.782608695652174,PA_Anaerotignum lactatifermentans,PA,Anaerotignum lactatifermentans,Anaerotignum lactatifermentans,anaerotignum lactatifermentans,0.0,0.0,False,zero,105
OnlyFemale,LASSO_LogisticRegression,YuJ_2015,0.03,0.7857142857142858,0.8700332812626231,0.782608695652174,PA_Klebsiella variicola,PA,Klebsiella variicola,Klebsiella variicola,klebsiella variicola,0.0,0.0,False,zero,106
OnlyFemale,LASSO_LogisticRegression,YuJ_2015,0.03,0.7857142857142858,0.8700332812626231,0.782608695652174,PA_Klebsiella pneumoniae,PA,Klebsiella pneumoniae,Klebsiella pneumoniae,klebsiella pneumoniae,0.0,0.0,False,zero,107
OnlyFemale,LASSO_LogisticRegression,YuJ_2015,0.03,0.7857142857142858,0.8700332812626231,0.782608695652174,PA_Klebsiella quasipneumoniae,PA,Klebsiella quasipneumoniae,Klebsiella quasipneumoniae,klebsiella quasipneumoniae,0.0,0.0,False,zero,108
OnlyFemale,LASSO_LogisticRegression,YuJ_2015,0.03,0.7857142857142858,0.8700332812626231,0.782608695652174,rCLR_Faecalibacterium prausnitzii,rCLR,Faecalibacterium prausnitzii,Faecalibacterium prausnitzii,faecalibacterium prausnitzii,0.0,0.0,False,zero,109
OnlyFemale,LASSO_LogisticRegression,YuJ_2015,0.03,0.7857142857142858,0.8700332812626231,0.782608695652174,rCLR_Streptococcus salivarius,rCLR,Streptococcus salivarius,Streptococcus salivarius,streptococcus salivarius,0.0,0.0,False,zero,110
OnlyFemale,LASSO_LogisticRegression,YuJ_2015,0.03,0.7857142857142858,0.8700332812626231,0.782608695652174,rCLR_Bacteroides stercoris,rCLR,Bacteroides stercoris,Bacteroides stercoris,bacteroides stercoris,0.0,0.0,False,zero,111
OnlyFemale,LASSO_LogisticRegression,YuJ_2015,0.03,0.7857142857142858,0.8700332812626231,0.782608695652174,rCLR_Collinsella aerofaciens,rCLR,Collinsella aerofaciens,Collinsella aerofaciens,collinsella aerofaciens,0.0,0.0,False,zero,112
OnlyFemale,LASSO_LogisticRegression,YuJ_2015,0.03,0.7857142857142858,0.8700332812626231,0.782608695652174,rCLR_Bifidobacterium longum,rCLR,Bifidobacterium longum,Bifidobacterium longum,bifidobacterium longum,0.0,0.0,False,zero,113
OnlyFemale,LASSO_LogisticRegression,YuJ_2015,0.03,0.7857142857142858,0.8700332812626231,0.782608695652174,rCLR_Phocaeicola plebeius,rCLR,Phocaeicola plebeius,Phocaeicola plebeius,phocaeicola plebeius,0.0,0.0,False,zero,114
OnlyFemale,LASSO_LogisticRegression,YuJ_2015,0.03,0.7857142857142858,0.8700332812626231,0.782608695652174,rCLR_Phocaeicola vulgatus,rCLR,Phocaeicola vulgatus,Phocaeicola vulgatus,phocaeicola vulgatus,0.0,0.0,False,zero,115
OnlyFemale,LASSO_LogisticRegression,YuJ_2015,0.03,0.7857142857142858,0.8700332812626231,0.782608695652174,rCLR_Dorea longicatena,rCLR,Dorea longicatena,Dorea longicatena,dorea longicatena,0.0,0.0,False,zero,116
OnlyFemale,LASSO_LogisticRegression,YuJ_2015,0.03,0.7857142857142858,0.8700332812626231,0.782608695652174,rCLR_Eubacterium sp. CAG:251,rCLR,Eubacterium sp. CAG:251,Eubacterium sp. CAG:251,eubacterium sp. cag:251,0.0,0.0,False,zero,117
OnlyFemale,LASSO_LogisticRegression,YuJ_2015,0.03,0.7857142857142858,0.8700332812626231,0.782608695652174,PA_Bacteroides caccae,PA,Bacteroides caccae,Bacteroides caccae,bacteroides caccae,0.0,0.0,False,zero,118
OnlyFemale,LASSO_LogisticRegression,YuJ_2015,0.03,0.7857142857142858,0.8700332812626231,0.782608695652174,PA_Paraprevotella xylaniphila,PA,Paraprevotella xylaniphila,Paraprevotella xylaniphila,paraprevotella xylaniphila,0.0,0.0,False,zero,119
OnlyFemale,LASSO_LogisticRegression,YuJ_2015,0.03,0.7857142857142858,0.8700332812626231,0.782608695652174,rCLR_Coprococcus comes,rCLR,Coprococcus comes,Coprococcus comes,coprococcus comes,0.0,0.0,False,zero,120
OnlyFemale,LASSO_LogisticRegression,YuJ_2015,0.03,0.7857142857142858,0.8700332812626231,0.782608695652174,rCLR_[Ruminococcus] torques,rCLR,[Ruminococcus] torques,[Ruminococcus] torques,[ruminococcus] torques,0.0,0.0,False,zero,121
OnlyFemale,LASSO_LogisticRegression,YuJ_2015,0.03,0.7857142857142858,0.8700332812626231,0.782608695652174,rCLR_Holdemanella biformis,rCLR,Holdemanella biformis,Holdemanella biformis,holdemanella biformis,0.0,0.0,False,zero,122
OnlyFemale,LASSO_LogisticRegression,YuJ_2015,0.03,0.7857142857142858,0.8700332812626231,0.782608695652174,rCLR_Anaerobutyricum hallii,rCLR,Anaerobutyricum hallii,Anaerobutyricum hallii,anaerobutyricum hallii,0.0,0.0,False,zero,123
OnlyFemale,LASSO_LogisticRegression,YuJ_2015,0.03,0.7857142857142858,0.8700332812626231,0.782608695652174,rCLR_Bacteroides uniformis,rCLR,Bacteroides uniformis,Bacteroides uniformis,bacteroides uniformis,0.0,0.0,False,zero,124
OnlyFemale,LASSO_LogisticRegression,YuJ_2015,0.03,0.7857142857142858,0.8700332812626231,0.782608695652174,rCLR_Blautia wexlerae,rCLR,Blautia wexlerae,Blautia wexlerae,blautia wexlerae,0.0,0.0,False,zero,125
OnlyFemale,LASSO_LogisticRegression,YuJ_2015,0.03,0.7857142857142858,0.8700332812626231,0.782608695652174,rCLR_Gemmiger formicilis,rCLR,Gemmiger formicilis,Gemmiger formicilis,gemmiger formicilis,0.0,0.0,False,zero,126
OnlyFemale,LASSO_LogisticRegression,YuJ_2015,0.03,0.7857142857142858,0.8700332812626231,0.782608695652174,rCLR_Streptococcus parasanguinis,rCLR,Streptococcus parasanguinis,Streptococcus parasanguinis,streptococcus parasanguinis,0.0,0.0,False,zero,127
OnlyFemale,LASSO_LogisticRegression,YuJ_2015,0.03,0.7857142857142858,0.8700332812626231,0.782608695652174,rCLR_Coprococcus eutactus,rCLR,Coprococcus eutactus,Coprococcus eutactus,coprococcus eutactus,0.0,0.0,False,zero,128
OnlyFemale,LASSO_LogisticRegression,YuJ_2015,0.03,0.7857142857142858,0.8700332812626231,0.782608695652174,rCLR_[Ruminococcus] lactaris,rCLR,[Ruminococcus] lactaris,[Ruminococcus] lactaris,[ruminococcus] lactaris,0.0,0.0,False,zero,129
OnlyFemale,LASSO_LogisticRegression,YuJ_2015,0.03,0.7857142857142858,0.8700332812626231,0.782608695652174,rCLR_Coprococcus catus,rCLR,Coprococcus catus,Coprococcus catus,coprococcus catus,0.0,0.0,False,zero,130
OnlyFemale,LASSO_LogisticRegression,YuJ_2015,0.03,0.7857142857142858,0.8700332812626231,0.782608695652174,rCLR_Roseburia intestinalis,rCLR,Roseburia intestinalis,Roseburia intestinalis,roseburia intestinalis,0.0,0.0,False,zero,131
OnlyFemale,LASSO_LogisticRegression,YuJ_2015,0.03,0.7857142857142858,0.8700332812626231,0.782608695652174,rCLR_Roseburia inulinivorans,rCLR,Roseburia inulinivorans,Roseburia inulinivorans,roseburia inulinivorans,0.0,0.0,False,zero,132
OnlyFemale,LASSO_LogisticRegression,YuJ_2015,0.03,0.7857142857142858,0.8700332812626231,0.782608695652174,rCLR_Phascolarctobacterium succinatutens,rCLR,Phascolarctobacterium succinatutens,Phascolarctobacterium succinatutens,phascolarctobacterium succinatutens,0.0,0.0,False,zero,133
OnlyFemale,LASSO_LogisticRegression,YuJ_2015,0.03,0.7857142857142858,0.8700332812626231,0.782608695652174,rCLR_[Eubacterium] rectale,rCLR,[Eubacterium] rectale,[Eubacterium] rectale,[eubacterium] rectale,0.0,0.0,False,zero,134
OnlyFemale,LASSO_LogisticRegression,YuJ_2015,0.03,0.7857142857142858,0.8700332812626231,0.782608695652174,rCLR_Blautia obeum,rCLR,Blautia obeum,Blautia obeum,blautia obeum,0.0,0.0,False,zero,135
OnlyFemale,LASSO_LogisticRegression,YuJ_2015,0.03,0.7857142857142858,0.8700332812626231,0.782608695652174,rCLR_Agathobaculum butyriciproducens,rCLR,Agathobaculum butyriciproducens,Agathobaculum butyriciproducens,agathobaculum butyriciproducens,0.0,0.0,False,zero,136
OnlyFemale,LASSO_LogisticRegression,YuJ_2015,0.03,0.7857142857142858,0.8700332812626231,0.782608695652174,rCLR_Bacteroides xylanisolvens,rCLR,Bacteroides xylanisolvens,Bacteroides xylanisolvens,bacteroides xylanisolvens,0.0,0.0,False,zero,137
OnlyFemale,LASSO_LogisticRegression,YuJ_2015,0.03,0.7857142857142858,0.8700332812626231,0.782608695652174,rCLR_Bacteroides ovatus,rCLR,Bacteroides ovatus,Bacteroides ovatus,bacteroides ovatus,0.0,0.0,False,zero,138
OnlyFemale,LASSO_LogisticRegression,YuJ_2015,0.03,0.7857142857142858,0.8700332812626231,0.782608695652174,rCLR_Bacteroides thetaiotaomicron,rCLR,Bacteroides thetaiotaomicron,Bacteroides thetaiotaomicron,bacteroides thetaiotaomicron,0.0,0.0,False,zero,139
OnlyFemale,LASSO_LogisticRegression,YuJ_2015,0.03,0.7857142857142858,0.8700332812626231,0.782608695652174,rCLR_Streptococcus thermophilus,rCLR,Streptococcus thermophilus,Streptococcus thermophilus,streptococcus thermophilus,0.0,0.0,False,zero,140
OnlyFemale,LASSO_LogisticRegression,YuJ_2015,0.03,0.7857142857142858,0.8700332812626231,0.782608695652174,rCLR_Eubacterium ramulus,rCLR,Eubacterium ramulus,Eubacterium ramulus,eubacterium ramulus,0.0,0.0,False,zero,141
OnlyFemale,LASSO_LogisticRegression,YuJ_2015,0.03,0.7857142857142858,0.8700332812626231,0.782608695652174,rCLR_Bifidobacterium adolescentis,rCLR,Bifidobacterium adolescentis,Bifidobacterium adolescentis,bifidobacterium adolescentis,0.0,0.0,False,zero,142
OnlyFemale,LASSO_LogisticRegression,YuJ_2015,0.03,0.7857142857142858,0.8700332812626231,0.782608695652174,rCLR_Eubacterium sp. CAG:274,rCLR,Eubacterium sp. CAG:274,Eubacterium sp. CAG:274,eubacterium sp. cag:274,0.0,0.0,False,zero,143
OnlyFemale,LASSO_LogisticRegression,YuJ_2015,0.03,0.7857142857142858,0.8700332812626231,0.782608695652174,rCLR_Eubacterium ventriosum,rCLR,Eubacterium ventriosum,Eubacterium ventriosum,eubacterium ventriosum,0.0,0.0,False,zero,144
OnlyFemale,LASSO_LogisticRegression,YuJ_2015,0.03,0.7857142857142858,0.8700332812626231,0.782608695652174,rCLR_Flavonifractor plautii,rCLR,Flavonifractor plautii,Flavonifractor plautii,flavonifractor plautii,0.0,0.0,False,zero,145
OnlyFemale,LASSO_LogisticRegression,YuJ_2015,0.03,0.7857142857142858,0.8700332812626231,0.782608695652174,rCLR_Oscillibacter sp. 57_20,rCLR,Oscillibacter sp. 57_20,Oscillibacter sp. 57 20,oscillibacter sp. 57 20,0.0,0.0,False,zero,146
OnlyFemale,LASSO_LogisticRegression,YuJ_2015,0.03,0.7857142857142858,0.8700332812626231,0.782608695652174,rCLR_Roseburia hominis,rCLR,Roseburia hominis,Roseburia hominis,roseburia hominis,0.0,0.0,False,zero,147
OnlyFemale,LASSO_LogisticRegression,YuJ_2015,0.03,0.7857142857142858,0.8700332812626231,0.782608695652174,rCLR_Alistipes finegoldii,rCLR,Alistipes finegoldii,Alistipes finegoldii,alistipes finegoldii,0.0,0.0,False,zero,148
OnlyFemale,LASSO_LogisticRegression,YuJ_2015,0.03,0.7857142857142858,0.8700332812626231,0.782608695652174,rCLR_Alistipes putredinis,rCLR,Alistipes putredinis,Alistipes putredinis,alistipes putredinis,0.0,0.0,False,zero,149
OnlyFemale,LASSO_LogisticRegression,YuJ_2015,0.03,0.7857142857142858,0.8700332812626231,0.782608695652174,rCLR_Fusicatenibacter saccharivorans,rCLR,Fusicatenibacter saccharivorans,Fusicatenibacter saccharivorans,fusicatenibacter saccharivorans,0.0,0.0,False,zero,150
OnlyFemale,LASSO_LogisticRegression,YuJ_2015,0.03,0.7857142857142858,0.8700332812626231,0.782608695652174,PA_Desulfovibrio piger,PA,Desulfovibrio piger,Desulfovibrio piger,desulfovibrio piger,0.0,0.0,False,zero,151
OnlyFemale,LASSO_LogisticRegression,YuJ_2015,0.03,0.7857142857142858,0.8700332812626231,0.782608695652174,rCLR_Ruminococcus bromii,rCLR,Ruminococcus bromii,Ruminococcus bromii,ruminococcus bromii,0.0,0.0,False,zero,152
OnlyFemale,LASSO_LogisticRegression,YuJ_2015,0.03,0.7857142857142858,0.8700332812626231,0.782608695652174,rCLR_Veillonella atypica,rCLR,Veillonella atypica,Veillonella atypica,veillonella atypica,0.0,0.0,False,zero,153
OnlyFemale,LASSO_LogisticRegression,YuJ_2015,0.03,0.7857142857142858,0.8700332812626231,0.782608695652174,rCLR_Lachnospira eligens,rCLR,Lachnospira eligens,Lachnospira eligens,lachnospira eligens,0.0,0.0,False,zero,154
OnlyFemale,LASSO_LogisticRegression,YuJ_2015,0.03,0.7857142857142858,0.8700332812626231,0.782608695652174,rCLR_Firmicutes bacterium CAG:83,rCLR,Firmicutes bacterium CAG:83,Firmicutes bacterium CAG:83,firmicutes bacterium cag:83,0.0,0.0,False,zero,155
OnlyFemale,LASSO_LogisticRegression,YuJ_2015,0.03,0.7857142857142858,0.8700332812626231,0.782608695652174,rCLR_Bacteroides eggerthii,rCLR,Bacteroides eggerthii,Bacteroides eggerthii,bacteroides eggerthii,0.0,0.0,False,zero,156
OnlyFemale,LASSO_LogisticRegression,YuJ_2015,0.03,0.7857142857142858,0.8700332812626231,0.782608695652174,rCLR_Roseburia faecis,rCLR,Roseburia faecis,Roseburia faecis,roseburia faecis,0.0,0.0,False,zero,157
OnlyFemale,LASSO_LogisticRegression,YuJ_2015,0.03,0.7857142857142858,0.8700332812626231,0.782608695652174,rCLR_Phocaeicola coprocola,rCLR,Phocaeicola coprocola,Phocaeicola coprocola,phocaeicola coprocola,0.0,0.0,False,zero,158
OnlyFemale,LASSO_LogisticRegression,YuJ_2015,0.03,0.7857142857142858,0.8700332812626231,0.782608695652174,rCLR_Veillonella parvula,rCLR,Veillonella parvula,Veillonella parvula,veillonella parvula,0.0,0.0,False,zero,159
OnlyFemale,LASSO_LogisticRegression,YuJ_2015,0.03,0.7857142857142858,0.8700332812626231,0.782608695652174,rCLR_Gordonibacter pamelaeae,rCLR,Gordonibacter pamelaeae,Gordonibacter pamelaeae,gordonibacter pamelaeae,0.0,0.0,False,zero,160
OnlyFemale,LASSO_LogisticRegression,YuJ_2015,0.03,0.7857142857142858,0.8700332812626231,0.782608695652174,rCLR_Eubacterium sp. CAG:180,rCLR,Eubacterium sp. CAG:180,Eubacterium sp. CAG:180,eubacterium sp. cag:180,0.0,0.0,False,zero,161
OnlyFemale,LASSO_LogisticRegression,YuJ_2015,0.03,0.7857142857142858,0.8700332812626231,0.782608695652174,rCLR_Parabacteroides merdae,rCLR,Parabacteroides merdae,Parabacteroides merdae,parabacteroides merdae,0.0,0.0,False,zero,162
OnlyFemale,LASSO_LogisticRegression,YuJ_2015,0.03,0.7857142857142858,0.8700332812626231,0.782608695652174,rCLR_Phocaeicola dorei,rCLR,Phocaeicola dorei,Phocaeicola dorei,phocaeicola dorei,0.0,0.0,False,zero,163
OnlyFemale,LASSO_LogisticRegression,YuJ_2015,0.03,0.7857142857142858,0.8700332812626231,0.782608695652174,rCLR_[Eubacterium] siraeum,rCLR,[Eubacterium] siraeum,[Eubacterium] siraeum,[eubacterium] siraeum,0.0,0.0,False,zero,164
OnlyFemale,LASSO_LogisticRegression,YuJ_2015,0.03,0.7857142857142858,0.8700332812626231,0.782608695652174,rCLR_Barnesiella intestinihominis,rCLR,Barnesiella intestinihominis,Barnesiella intestinihominis,barnesiella intestinihominis,0.0,0.0,False,zero,165
OnlyFemale,LASSO_LogisticRegression,YuJ_2015,0.03,0.7857142857142858,0.8700332812626231,0.782608695652174,rCLR_Methanobrevibacter smithii,rCLR,Methanobrevibacter smithii,Methanobrevibacter smithii,methanobrevibacter smithii,0.0,0.0,False,zero,166
OnlyFemale,LASSO_LogisticRegression,YuJ_2015,0.03,0.7857142857142858,0.8700332812626231,0.782608695652174,rCLR_[Ruminococcus] gnavus,rCLR,[Ruminococcus] gnavus,[Ruminococcus] gnavus,[ruminococcus] gnavus,0.0,0.0,False,zero,167
OnlyFemale,LASSO_LogisticRegression,YuJ_2015,0.03,0.7857142857142858,0.8700332812626231,0.782608695652174,rCLR_Firmicutes bacterium CAG:145,rCLR,Firmicutes bacterium CAG:145,Firmicutes bacterium CAG:145,firmicutes bacterium cag:145,0.0,0.0,False,zero,168
OnlyFemale,LASSO_LogisticRegression,YuJ_2015,0.03,0.7857142857142858,0.8700332812626231,0.782608695652174,rCLR_Bacteroides cellulosilyticus,rCLR,Bacteroides cellulosilyticus,Bacteroides cellulosilyticus,bacteroides cellulosilyticus,0.0,0.0,False,zero,169
OnlyFemale,LASSO_LogisticRegression,YuJ_2015,0.03,0.7857142857142858,0.8700332812626231,0.782608695652174,rCLR_Ruminococcus bicirculans,rCLR,Ruminococcus bicirculans,Ruminococcus bicirculans,ruminococcus bicirculans,0.0,0.0,False,zero,170
OnlyFemale,LASSO_LogisticRegression,YuJ_2015,0.03,0.7857142857142858,0.8700332812626231,0.782608695652174,rCLR_Adlercreutzia equolifaciens_1,rCLR,Adlercreutzia equolifaciens_1,Adlercreutzia equolifaciens 1,adlercreutzia equolifaciens 1,0.0,0.0,False,zero,171
OnlyFemale,LASSO_LogisticRegression,YuJ_2015,0.03,0.7857142857142858,0.8700332812626231,0.782608695652174,rCLR_Firmicutes bacterium CAG:110,rCLR,Firmicutes bacterium CAG:110,Firmicutes bacterium CAG:110,firmicutes bacterium cag:110,0.0,0.0,False,zero,172
OnlyFemale,LASSO_LogisticRegression,YuJ_2015,0.03,0.7857142857142858,0.8700332812626231,0.782608695652174,rCLR_Parabacteroides distasonis,rCLR,Parabacteroides distasonis,Parabacteroides distasonis,parabacteroides distasonis,0.0,0.0,False,zero,173
OnlyFemale,LASSO_LogisticRegression,YuJ_2015,0.03,0.7857142857142858,0.8700332812626231,0.782608695652174,rCLR_Odoribacter splanchnicus,rCLR,Odoribacter splanchnicus,Odoribacter splanchnicus,odoribacter splanchnicus,0.0,0.0,False,zero,174
OnlyFemale,LASSO_LogisticRegression,YuJ_2015,0.03,0.7857142857142858,0.8700332812626231,0.782608695652174,rCLR_Oscillibacter sp. CAG:241,rCLR,Oscillibacter sp. CAG:241,Oscillibacter sp. CAG:241,oscillibacter sp. cag:241,0.0,0.0,False,zero,175
OnlyFemale,LASSO_LogisticRegression,YuJ_2015,0.03,0.7857142857142858,0.8700332812626231,0.782608695652174,rCLR_Alistipes shahii,rCLR,Alistipes shahii,Alistipes shahii,alistipes shahii,0.0,0.0,False,zero,176
OnlyFemale,LASSO_LogisticRegression,YuJ_2015,0.03,0.7857142857142858,0.8700332812626231,0.782608695652174,rCLR_Eggerthella lenta,rCLR,Eggerthella lenta,Eggerthella lenta,eggerthella lenta,0.0,0.0,False,zero,177
OnlyFemale,LASSO_LogisticRegression,YuJ_2015,0.03,0.7857142857142858,0.8700332812626231,0.782608695652174,rCLR_Escherichia coli,rCLR,Escherichia coli,Escherichia coli,escherichia coli,0.0,0.0,False,zero,178
OnlyFemale,LASSO_LogisticRegression,YuJ_2015,0.03,0.7857142857142858,0.8700332812626231,0.782608695652174,rCLR_Butyricimonas virosa,rCLR,Butyricimonas virosa,Butyricimonas virosa,butyricimonas virosa,0.0,0.0,False,zero,179
OnlyFemale,LASSO_LogisticRegression,YuJ_2015,0.03,0.7857142857142858,0.8700332812626231,0.782608695652174,rCLR_Bacteroides sp. CAG:144,rCLR,Bacteroides sp. CAG:144,Bacteroides sp. CAG:144,bacteroides sp. cag:144,0.0,0.0,False,zero,180
OnlyFemale,LASSO_LogisticRegression,YuJ_2015,0.03,0.7857142857142858,0.8700332812626231,0.782608695652174,rCLR_Intestinibacter bartlettii,rCLR,Intestinibacter bartlettii,Intestinibacter bartlettii,intestinibacter bartlettii,0.0,0.0,False,zero,181
OnlyFemale,LASSO_LogisticRegression,YuJ_2015,0.03,0.7857142857142858,0.8700332812626231,0.782608695652174,rCLR_Erysipelatoclostridium ramosum,rCLR,Erysipelatoclostridium ramosum,Erysipelatoclostridium ramosum,erysipelatoclostridium ramosum,0.0,0.0,False,zero,182
OnlyFemale,LASSO_LogisticRegression,YuJ_2015,0.03,0.7857142857142858,0.8700332812626231,0.782608695652174,rCLR_Adlercreutzia equolifaciens,rCLR,Adlercreutzia equolifaciens,Adlercreutzia equolifaciens,adlercreutzia equolifaciens,0.0,0.0,False,zero,183
OnlyFemale,LASSO_LogisticRegression,YuJ_2015,0.03,0.7857142857142858,0.8700332812626231,0.782608695652174,rCLR_Slackia isoflavoniconvertens,rCLR,Slackia isoflavoniconvertens,Slackia isoflavoniconvertens,slackia isoflavoniconvertens,0.0,0.0,False,zero,184
OnlyFemale,LASSO_LogisticRegression,YuJ_2015,0.03,0.7857142857142858,0.8700332812626231,0.782608695652174,rCLR_Clostridium sp. CAG:58,rCLR,Clostridium sp. CAG:58,Clostridium sp. CAG:58,clostridium sp. cag:58,0.0,0.0,False,zero,185
OnlyFemale,LASSO_LogisticRegression,YuJ_2015,0.03,0.7857142857142858,0.8700332812626231,0.782608695652174,rCLR_Bacteroides intestinalis,rCLR,Bacteroides intestinalis,Bacteroides intestinalis,bacteroides intestinalis,0.0,0.0,False,zero,186
OnlyFemale,LASSO_LogisticRegression,YuJ_2015,0.03,0.7857142857142858,0.8700332812626231,0.782608695652174,rCLR_Akkermansia muciniphila,rCLR,Akkermansia muciniphila,Akkermansia muciniphila,akkermansia muciniphila,0.0,0.0,False,zero,187
OnlyFemale,LASSO_LogisticRegression,YuJ_2015,0.03,0.7857142857142858,0.8700332812626231,0.782608695652174,rCLR_Bifidobacterium pseudocatenulatum,rCLR,Bifidobacterium pseudocatenulatum,Bifidobacterium pseudocatenulatum,bifidobacterium pseudocatenulatum,0.0,0.0,False,zero,188
OnlyFemale,LASSO_LogisticRegression,YuJ_2015,0.03,0.7857142857142858,0.8700332812626231,0.782608695652174,rCLR_Eubacterium sp. CAG:38,rCLR,Eubacterium sp. CAG:38,Eubacterium sp. CAG:38,eubacterium sp. cag:38,0.0,0.0,False,zero,189
OnlyFemale,LASSO_LogisticRegression,YuJ_2015,0.03,0.7857142857142858,0.8700332812626231,0.782608695652174,rCLR_Bifidobacterium bifidum,rCLR,Bifidobacterium bifidum,Bifidobacterium bifidum,bifidobacterium bifidum,0.0,0.0,False,zero,190
OnlyFemale,LASSO_LogisticRegression,YuJ_2015,0.03,0.7857142857142858,0.8700332812626231,0.782608695652174,rCLR_Blautia sp. CAG:257,rCLR,Blautia sp. CAG:257,Blautia sp. CAG:257,blautia sp. cag:257,0.0,0.0,False,zero,191
OnlyFemale,LASSO_LogisticRegression,YuJ_2015,0.03,0.7857142857142858,0.8700332812626231,0.782608695652174,rCLR_Parasutterella excrementihominis,rCLR,Parasutterella excrementihominis,Parasutterella excrementihominis,parasutterella excrementihominis,0.0,0.0,False,zero,192
OnlyFemale,LASSO_LogisticRegression,YuJ_2015,0.03,0.7857142857142858,0.8700332812626231,0.782608695652174,rCLR_Proteobacteria bacterium CAG:139,rCLR,Proteobacteria bacterium CAG:139,Proteobacteria bacterium CAG:139,proteobacteria bacterium cag:139,0.0,0.0,False,zero,193
OnlyFemale,LASSO_LogisticRegression,YuJ_2015,0.03,0.7857142857142858,0.8700332812626231,0.782608695652174,rCLR_Lawsonibacter asaccharolyticus,rCLR,Lawsonibacter asaccharolyticus,Lawsonibacter asaccharolyticus,lawsonibacter asaccharolyticus,0.0,0.0,False,zero,194
OnlyFemale,LASSO_LogisticRegression,YuJ_2015,0.03,0.7857142857142858,0.8700332812626231,0.782608695652174,rCLR_Coprobacter fastidiosus,rCLR,Coprobacter fastidiosus,Coprobacter fastidiosus,coprobacter fastidiosus,0.0,0.0,False,zero,195
OnlyFemale,LASSO_LogisticRegression,YuJ_2015,0.03,0.7857142857142858,0.8700332812626231,0.782608695652174,rCLR_Alistipes inops,rCLR,Alistipes inops,Alistipes inops,alistipes inops,0.0,0.0,False,zero,196
OnlyFemale,LASSO_LogisticRegression,YuJ_2015,0.03,0.7857142857142858,0.8700332812626231,0.782608695652174,rCLR_Bacteroides finegoldii,rCLR,Bacteroides finegoldii,Bacteroides finegoldii,bacteroides finegoldii,0.0,0.0,False,zero,197
OnlyFemale,LASSO_LogisticRegression,YuJ_2015,0.03,0.7857142857142858,0.8700332812626231,0.782608695652174,rCLR_Paraprevotella xylaniphila,rCLR,Paraprevotella xylaniphila,Paraprevotella xylaniphila,paraprevotella xylaniphila,0.0,0.0,False,zero,198
OnlyFemale,LASSO_LogisticRegression,YuJ_2015,0.03,0.7857142857142858,0.8700332812626231,0.782608695652174,rCLR_Dialister invisus,rCLR,Dialister invisus,Dialister invisus,dialister invisus,0.0,0.0,False,zero,199
OnlyFemale,LASSO_LogisticRegression,YuJ_2015,0.03,0.7857142857142858,0.8700332812626231,0.782608695652174,rCLR_Enterocloster bolteae,rCLR,Enterocloster bolteae,Enterocloster bolteae,enterocloster bolteae,0.0,0.0,False,zero,200
OnlyFemale,LASSO_LogisticRegression,YuJ_2015,0.03,0.7857142857142858,0.8700332812626231,0.782608695652174,rCLR_Bacteroides caccae,rCLR,Bacteroides caccae,Bacteroides caccae,bacteroides caccae,0.0,0.0,False,zero,201
OnlyFemale,LASSO_LogisticRegression,YuJ_2015,0.03,0.7857142857142858,0.8700332812626231,0.782608695652174,rCLR_Desulfovibrio piger,rCLR,Desulfovibrio piger,Desulfovibrio piger,desulfovibrio piger,0.0,0.0,False,zero,202
OnlyFemale,LASSO_LogisticRegression,YuJ_2015,0.03,0.7857142857142858,0.8700332812626231,0.782608695652174,rCLR_Lachnospira pectinoschiza,rCLR,Lachnospira pectinoschiza,Lachnospira pectinoschiza,lachnospira pectinoschiza,0.0,0.0,False,zero,203
OnlyFemale,LASSO_LogisticRegression,YuJ_2015,0.03,0.7857142857142858,0.8700332812626231,0.782608695652174,rCLR_Prevotella copri,rCLR,Prevotella copri,Prevotella copri,prevotella copri,0.0,0.0,False,zero,204
OnlyFemale,LASSO_LogisticRegression,YuJ_2015,0.03,0.7857142857142858,0.8700332812626231,0.782608695652174,rCLR_Phocaeicola massiliensis,rCLR,Phocaeicola massiliensis,Phocaeicola massiliensis,phocaeicola massiliensis,0.0,0.0,False,zero,205
OnlyFemale,LASSO_LogisticRegression,YuJ_2015,0.03,0.7857142857142858,0.8700332812626231,0.782608695652174,rCLR_Megamonas funiformis,rCLR,Megamonas funiformis,Megamonas funiformis,megamonas funiformis,0.0,0.0,False,zero,206
OnlyFemale,LASSO_LogisticRegression,YuJ_2015,0.03,0.7857142857142858,0.8700332812626231,0.782608695652174,rCLR_Phascolarctobacterium faecium,rCLR,Phascolarctobacterium faecium,Phascolarctobacterium faecium,phascolarctobacterium faecium,0.0,0.0,False,zero,207
OnlyFemale,LASSO_LogisticRegression,YuJ_2015,0.03,0.7857142857142858,0.8700332812626231,0.782608695652174,rCLR_Acidaminococcus intestini,rCLR,Acidaminococcus intestini,Acidaminococcus intestini,acidaminococcus intestini,0.0,0.0,False,zero,208
OnlyFemale,LASSO_LogisticRegression,YuJ_2015,0.03,0.7857142857142858,0.8700332812626231,0.782608695652174,rCLR_Anaerotignum lactatifermentans,rCLR,Anaerotignum lactatifermentans,Anaerotignum lactatifermentans,anaerotignum lactatifermentans,0.0,0.0,False,zero,209
OnlyFemale,LASSO_LogisticRegression,YuJ_2015,0.03,0.7857142857142858,0.8700332812626231,0.782608695652174,rCLR_Bacteroides salyersiae,rCLR,Bacteroides salyersiae,Bacteroides salyersiae,bacteroides salyersiae,0.0,0.0,False,zero,210
OnlyFemale,LASSO_LogisticRegression,YuJ_2015,0.03,0.7857142857142858,0.8700332812626231,0.782608695652174,rCLR_Parvimonas micra,rCLR,Parvimonas micra,Parvimonas micra,parvimonas micra,0.0,0.0,False,zero,211
OnlyFemale,LASSO_LogisticRegression,YuJ_2015,0.03,0.7857142857142858,0.8700332812626231,0.782608695652174,rCLR_Klebsiella pneumoniae,rCLR,Klebsiella pneumoniae,Klebsiella pneumoniae,klebsiella pneumoniae,0.0,0.0,False,zero,212
OnlyFemale,LASSO_LogisticRegression,YuJ_2015,0.03,0.7857142857142858,0.8700332812626231,0.782608695652174,rCLR_Klebsiella variicola,rCLR,Klebsiella variicola,Klebsiella variicola,klebsiella variicola,0.0,0.0,False,zero,213
OnlyFemale,LASSO_LogisticRegression,YuJ_2015,0.03,0.7857142857142858,0.8700332812626231,0.782608695652174,rCLR_Klebsiella quasipneumoniae,rCLR,Klebsiella quasipneumoniae,Klebsiella quasipneumoniae,klebsiella quasipneumoniae,0.0,0.0,False,zero,214
OnlyFemale,LASSO_LogisticRegression,YuJ_2015,0.03,0.7857142857142858,0.8700332812626231,0.782608695652174,Age,covariate,Age,Age,age,0.0,0.0,False,zero,215
