Sample,Label
SID31021,0
SID31160,0
SID31219,0
SID31223,1
SID31300,0
SID31367,1
SID31428,0
SID31446,1
SID31452,0
SID31537,0
SID31549,1
SID31557,0
SID31700,0
SID31714,0
SID31723,0
SID31766,0
SID31865,1
SID31866,1
SID31868,1
SID31874,1
SID31876,1
SID31877,1
SID31878,1
SID31881,1
SID530050,0
SID530074,0
SID530154,0
SID530167,0
SID530177,0
SID530227,0
SID530295,0
SID530315,0
SID530368,0
SID530373,1
SID530394,0
SID530444,0
SID531155,1
SID531281,1
SID531361,1
SID531469,1
SID531775,1
SID532796,0
SID532915,0
MG100180,0
MG100179,0
MG100178,0
MG100174,0
MG100171,0
MG100170,0
MG100168,0
MG100167,0
MG100166,0
MG100165,0
MG100164,0
MG100163,0
MG100161,0
MG100157,0
MG100156,0
MG100154,0
MG100153,0
MG100150,1
MG100149,1
MG100147,1
MG100145,1
MG100144,1
MG100134,1
MG100132,1
LILT_GF06_16,0
LILT_VF06_16,0
LILT_VF166_T017,1
LILT_VF40_16,0
LILT_VF65_16,1
LILT_VF71_16,1
LILT_VF95_16,1
LILT_VF273_T017,1
LILT_VF251_T017,1
LILT_VF170_T016,0
LILT_VF212_T016,0
LILT_VF263_T016,0
LILT_VF10_T016,0
LILT_VF140_T016,0
LILT_VF171_T016,0
LILT_VF28_T016,0
LILT_VF82_T016,0
CRC_MR_SBJ11C_17,1
CRC_MR_SBJ20C_17,1
CRC_MR_SBJ21H_17,0
CRC_MR_SBJ26C_17,1
CRC_MR_SBJ32C_17,1
CRC_MR_SBJ34H_17,0
CRC_MR_SBJ36C_17,1
CRC_MR_SBJ37H_17,0
CRC_MR_SBJ47C_17,1
CRC_MR_SBJ51C_17,1
CRC_MR_SBJ52C_17,1
CRC_MR_SBJ57H_17,0
CRC_MR_SBJ61C_17,1
CRC_MR_SBJ63H_17,0
CRC_MR_SBJ68H_17,0
CRC_MR_SBJ73H_17,0
CRC_MR_SBJ74H_17,0
CRC_MR_SBJ75H_17,0
CRC_MR_SBJ77H_17,0
CRC_MR_SBJ81H_17,0
CRC_MR_SBJ82H_17,0
mix1_N702-N505_CGTACTAG-GTAAGGAG,0
mix3_N707-N505_CTCTCTAC-GTAAGGAG,0
mix3_N705-N506_GGACTCCT-ACTGCATA,1
mix3_N706-N506_TAGGCATG-ACTGCATA,0
AHCT5GADXX.N703-S501_AGGCAGAA-TAGATCGC,1
BHCNG3ADXX.N711-S502_AAGAGGCA-CTCTCTAT,1
mix20-N702-S501_CGTACTAG-TAGATCGC,0
BHCNJJADXX.N703-S503_AGGCAGAA-TATCCTCT,1
AHCNC2ADXX.N710_CGAGGCTG,1
mix23_mix24-N703-S503_AGGCAGAA-TATCCTCT,0
BHCNK3ADXX.N712-S506_GTAGAGGA-ACTGCATA,1
BHCNK3ADXX.N706-S507_TAGGCATG-AAGGAGTA,0
AHCNMFADXX.N709-S507_GCTACGCT-AAGGAGTA,1
BHCNM7ADXX.N712-S508_GTAGAGGA-CTAAGCCT,0
BHCNM7ADXX.N701-S511_TAAGGCGA-TCTCTCCG,0
HGK7MADXX_PG0662_87A0503_H3_L002,1
HGKMWADXX_PG0662_92A0617_H3_L001,1
HGKMWADXX_PG0662_95A0604_H3_L002,0
HGKFCADXX_PG0662_168A0902_H3_L001,0
HGKY7ADXX_PG0662_178A0104_H1_L002,0
HGKY7ADXX_PG0662_179A0105_H1_L002,0
HGKY7ADXX_PG0662_239A0206_H1_L001,1
HGKYWADXX_PG0662_245A0305_H1_L002,1
HGKYVADXX_PG0662_320A0604_H1_L002,0
HJK7VADXX_PG0783_22A0417_H1_L001,1
HJK7VADXX_PG0783_23A0402_H1_L002,1
HJK7VADXX_PG0783_31A0502_H1_L002,0
HJKHTADXX_PG0783_65A0205_H1_L002,1
HJKNLADXX_PG0783_67A0207_H1_L002,0
HJKJJADXX_PG0783_92A0603_H1_L002,1
HJKHJADXX_PG0783_98A0717_H1_L001,1
HJK7NADXX_PG0783_110A0106_H1_L002,0
HJK7NADXX_PG0783_128A0406_H1_L002,1
HJKTNADXX_PG0783_132A0504_H1_L002,1
HJKTNADXX_PG0783_145A0703_H1_L001,1
MMRS14602194ST-27-0-0,1
MMRS15137911ST-27-0-0,1
MMRS17603756ST-27-0-0,0
MMRS20257302ST-27-0-0,0
MMRS25211151ST-27-0-0,0
MMRS25641480ST-27-0-0,1
MMRS38861560ST-27-0-0,0
MMRS38954404ST-27-0-0,0
MMRS39415781ST-27-0-0,0
MMRS40913371ST-27-0-0,0
MMRS41266697ST-27-0-0,1
MMRS43939546ST-27-0-0,1
MMRS44203591ST-27-0-0,1
MMRS44587603ST-27-0-0,1
MMRS51307502ST-27-0-0,0
MMRS61683006ST-27-0-0,0
MMRS62192467ST-27-0-0,0
MMRS62376181ST-27-0-0,1
MMRS64281551ST-27-0-0,0
MMRS65205033ST-27-0-0,1
MMRS68910755ST-27-0-0,1
MMRS84159866ST-27-0-0,0
MMRS86958796ST-27-0-0,1
MMRS88581325ST-27-0-0,0
MMRS92544445ST-27-0-0,1
MMRS92546335ST-27-0-0,0
MMRS93508324ST-27-0-0,1
MMRS95674036ST-27-0-0,0
MMRS97052561ST-27-0-0,1
MMRS99045180ST-27-0-0,1
CCMD11006829ST-21-0,1
CCMD13071240ST-21-0,1
CCMD19497912ST-21-0,1
CCMD25511638ST-21-0,1
CCMD45988061ST-21-0,1
CCMD48236717ST-21-0,1
CCMD50071957ST-21-0,1
CCMD60079086ST-21-0,1
CCMD64776337ST-21-0,1
CCMD82866709ST-21-0,1
CCMD86707194ST-21-0,1
CCMD90311071ST-21-0,1
CCMD95433940ST-21-0,1
CCMD10191450ST-11-0,0
CCMD17410933ST-11-0,0
CCMD18579000ST-11-0,0
CCMD18829815ST-11-0,0
CCMD19168690ST-11-0,1
CCMD21593359ST-11-0,1
CCMD22852639ST-11-0,0
CCMD25475945ST-11-0,0
CCMD27867141ST-11-0,0
CCMD30627121ST-11-0,0
CCMD32288175ST-11-0,0
CCMD35081859ST-11-0,0
CCMD35801800ST-11-0,0
CCMD41202658ST-11-0,0
CCMD42956136ST-11-0,1
CCMD46727384ST-11-0,0
CCMD50529145ST-11-0,0
CCMD53522274ST-11-0,0
CCMD54057834ST-11-0,0
CCMD59583015ST-11-0,1
CCMD65222621ST-11-0,1
CCMD65406197ST-11-0,1
CCMD66848156ST-11-0,0
CCMD68973846ST-11-0,0
CCMD71242853ST-11-0,1
CCMD71915439ST-11-0,1
CCMD72666896ST-11-0,0
CCMD73128545ST-11-0,0
CCMD75147712ST-11-0,0
CCMD76222476ST-11-0,1
CCMD76409700ST-11-0,0
CCMD79349503ST-11-0,1
CCMD85481373ST-11-0,0
CCMD89107682ST-11-0,0
CCMD89643949ST-11-0,0
CCMD89967135ST-11-0,0
CCMD92404903ST-11-0,1
CCMD93755960ST-11-0,0
CCMD98198513ST-11-0,0
SZAXPI003411-6,1
SZAXPI003413-4,1
SZAXPI003416-4,1
SZAXPI003418-8,1
SZAXPI003425-1,1
SZAXPI003426-11,1
SZAXPI003427-1,0
SZAXPI003428-6,1
SZAXPI003430-5,1
SZAXPI003431-1,1
SZAXPI003433-7,0
SZAXPI003436-7,1
SZAXPI015209-133,1
SZAXPI015211-166,1
SZAXPI015213-15,1
SZAXPI015219-129,1
SZAXPI015221-142,1
SZAXPI015227-13,0
SZAXPI015230-16,0
SZAXPI015232-18,0
SZAXPI015234-20,0
SZAXPI015238-24,0
SZAXPI015243-31,0
SZAXPI015247-35,0
SZAXPI015250-39,0
SZAXPI015251-41,0
SZAXPI015253-44,0
SZAXPI015255-46,0
SZAXPI015258-57,0
SZAXPI015259-62,0
SZAXPI015260-74,0
SZAXPI015262-79,0
SZAXPI015264-87,0
SZAXPI015267-102,0
SZAXPI015269-94,0
SZAXPI015271-93,0
SZAXPI017453-19,1
SZAXPI017454-20,1
SZAXPI017458-25,1
SZAXPI017459-26,1
SZAXPI017460-27,1
SZAXPI017463-36,1
SZAXPI017465-43,1
SZAXPI017580-90,1
SZAXPI017585-109,1
SZAXPI017586-111,1
SZAXPI017589-133,1
CCIS00146684ST-4-0,0
CCIS05314658ST-4-0,0
CCIS07539127ST-4-0,0
CCIS07648107ST-4-0,0
CCIS11362406ST-4-0,0
CCIS11558985ST-4-0,0
CCIS12370844ST-4-0,1
CCIS14449628ST-4-0,1
CCIS15704761ST-4-0,1
CCIS15794887ST-4-0,0
CCIS16326685ST-4-0,0
CCIS16383318ST-4-0,0
CCIS17669415ST-4-0,1
CCIS20795251ST-4-0,0
CCIS24254057ST-4-0,1
CCIS27304052ST-3-0,0
CCIS34604008ST-4-0,0
CCIS36699628ST-4-0,0
CCIS38765456ST-20-0,1
CCIS40244499ST-3-0,1
CCIS41222843ST-4-0,1
CCIS41288781ST-4-0,1
CCIS41692898ST-4-0,0
CCIS44093303ST-4-0,0
CCIS45571137ST-3-0,0
CCIS46467422ST-4-0,1
CCIS48725289ST-4-0,1
CCIS50003399ST-4-0,0
CCIS50148151ST-4-0,1
CCIS50471204ST-4-0,0
CCIS51595129ST-4-0,0
CCIS58234805ST-4-0,1
CCIS59132091ST-4-0,1
CCIS62605362ST-3-0,1
CCIS63448910ST-4-0,0
CCIS63468405ST-4-0,0
CCIS63910149ST-4-0,0
CCIS64773582ST-4-0,0
CCIS64785924ST-20-0,0
CCIS65479369ST-4-0,1
CCIS71301801ST-4-0,1
CCIS72607085ST-4-0,1
CCIS78100604ST-4-0,0
CCIS78318719ST-4-0,1
CCIS80834637ST-4-0,0
CCIS81139242ST-4-0,0
CCIS82944710ST-20-0,0
CCIS83870198ST-4-0,1
CCIS84543192ST-4-0,1
CCIS87116798ST-4-0,1
CCIS87605453ST-4-0,1
CCIS88007743ST-4-0,0
CCIS94417875ST-3-0,0
CCIS94603952ST-4-0,0
CCIS95409808ST-4-0,0
CCIS98482370ST-3-0,0
CCIS98832363ST-4-0,1
