Model,Algorithm,Study,Fold_AUC,Feature,Feature_Type,Species,MeanAbsSHAP,MeanSignedSHAP,Rank
All,LASSO,ZellerG_2014,0.7819362820909372,PA_Parvimonas micra,PA,Parvimonas micra,1.374710110805936,0.7478064772136527,1
All,LASSO,ZellerG_2014,0.7819362820909372,rCLR_Parvimonas micra,rCLR,Parvimonas micra,0.5338726163603364,-0.14673433432402425,2
All,LASSO,ZellerG_2014,0.7819362820909372,PA_Firmicutes bacterium CAG:110,PA,Firmicutes bacterium CAG:110,0.47581462345773035,-0.20666695766345866,3
All,LASSO,ZellerG_2014,0.7819362820909372,rCLR_Dorea formicigenerans,rCLR,Dorea formicigenerans,0.4670287632273127,0.17783311202281143,4
All,LASSO,ZellerG_2014,0.7819362820909372,PA_Streptococcus salivarius,PA,Streptococcus salivarius,0.4630083873357236,-0.13988764042909088,5
All,LASSO,ZellerG_2014,0.7819362820909372,rCLR_Streptococcus salivarius,rCLR,Streptococcus salivarius,0.4208410339069187,0.022755174968102594,6
All,LASSO,ZellerG_2014,0.7819362820909372,PA_Methanobrevibacter smithii,PA,Methanobrevibacter smithii,0.38177725189696754,0.2667926906535747,7
All,LASSO,ZellerG_2014,0.7819362820909372,rCLR_Anaerostipes hadrus,rCLR,Anaerostipes hadrus,0.3030267255284765,-0.1585889875494427,8
All,LASSO,ZellerG_2014,0.7819362820909372,PA_Klebsiella pneumoniae,PA,Klebsiella pneumoniae,0.2989193020501746,-0.16659919571555276,9
All,LASSO,ZellerG_2014,0.7819362820909372,PA_Klebsiella variicola,PA,Klebsiella variicola,0.29421138681765374,0.21387322215157853,10
All,LASSO,ZellerG_2014,0.7819362820909372,rCLR_Streptococcus thermophilus,rCLR,Streptococcus thermophilus,0.29370885153815246,-0.10706190492173637,11
All,LASSO,ZellerG_2014,0.7819362820909372,PA_Eggerthella lenta,PA,Eggerthella lenta,0.26920426683764476,0.024763597246192873,12
All,LASSO,ZellerG_2014,0.7819362820909372,PA_Veillonella parvula,PA,Veillonella parvula,0.2656330944503404,-0.028563698772768646,13
All,LASSO,ZellerG_2014,0.7819362820909372,PA_Streptococcus parasanguinis,PA,Streptococcus parasanguinis,0.2641760953099299,-0.03240714422202861,14
All,LASSO,ZellerG_2014,0.7819362820909372,rCLR_Veillonella parvula,rCLR,Veillonella parvula,0.2590931149703762,-0.06947679909468905,15
All,LASSO,ZellerG_2014,0.7819362820909372,rCLR_[Ruminococcus] torques,rCLR,[Ruminococcus] torques,0.24827426002848432,0.11378356528839664,16
All,LASSO,ZellerG_2014,0.7819362820909372,PA_[Eubacterium] siraeum,PA,[Eubacterium] siraeum,0.2242387641233691,0.1284151736536342,17
All,LASSO,ZellerG_2014,0.7819362820909372,rCLR_Adlercreutzia equolifaciens,rCLR,Adlercreutzia equolifaciens,0.22229926277146128,0.08267161585136111,18
All,LASSO,ZellerG_2014,0.7819362820909372,rCLR_Coprococcus comes,rCLR,Coprococcus comes,0.22049569835988342,-0.11599758469414746,19
All,LASSO,ZellerG_2014,0.7819362820909372,PA_Bacteroides intestinalis,PA,Bacteroides intestinalis,0.21898032667656575,0.008834655065373592,20
All,LASSO,ZellerG_2014,0.7819362820909372,PA_Phocaeicola plebeius,PA,Phocaeicola plebeius,0.21582168885953484,0.007969301246508815,21
All,LASSO,ZellerG_2014,0.7819362820909372,PA_Eubacterium sp. CAG:180,PA,Eubacterium sp. CAG:180,0.2125136643375586,0.04675300615426287,22
All,LASSO,ZellerG_2014,0.7819362820909372,PA_Streptococcus thermophilus,PA,Streptococcus thermophilus,0.20969049875959672,-0.1259485011749642,23
All,LASSO,ZellerG_2014,0.7819362820909372,rCLR_Ruthenibacterium lactatiformans,rCLR,Ruthenibacterium lactatiformans,0.2085167743765415,-0.028853478005013908,24
All,LASSO,ZellerG_2014,0.7819362820909372,PA_Gemmiger formicilis,PA,Gemmiger formicilis,0.19842715027976768,-0.07486445596635921,25
All,LASSO,ZellerG_2014,0.7819362820909372,Age,covariate,Age,0.19151516693899068,0.06456127867482452,26
All,LASSO,ZellerG_2014,0.7819362820909372,rCLR_Ruminococcus bromii,rCLR,Ruminococcus bromii,0.19057645344877977,0.09080807946132434,27
All,LASSO,ZellerG_2014,0.7819362820909372,PA_Butyricimonas virosa,PA,Butyricimonas virosa,0.18935941146995985,0.12871289011510545,28
All,LASSO,ZellerG_2014,0.7819362820909372,rCLR_Butyricimonas virosa,rCLR,Butyricimonas virosa,0.18773923852656335,-0.05601043159436776,29
All,LASSO,ZellerG_2014,0.7819362820909372,PA_Parabacteroides merdae,PA,Parabacteroides merdae,0.18276086540034056,0.05325735909988957,30
All,LASSO,ZellerG_2014,0.7819362820909372,PA_Roseburia intestinalis,PA,Roseburia intestinalis,0.1780234909390995,-0.06594174664374851,31
All,LASSO,ZellerG_2014,0.7819362820909372,PA_Eubacterium sp. CAG:38,PA,Eubacterium sp. CAG:38,0.17293148849253326,-0.05138358564885667,32
All,LASSO,ZellerG_2014,0.7819362820909372,PA_Collinsella aerofaciens,PA,Collinsella aerofaciens,0.172483496368719,0.07884959833998588,33
All,LASSO,ZellerG_2014,0.7819362820909372,PA_Lachnospira eligens,PA,Lachnospira eligens,0.16913668656608655,-0.08984336509291128,34
All,LASSO,ZellerG_2014,0.7819362820909372,rCLR_Methanobrevibacter smithii,rCLR,Methanobrevibacter smithii,0.16549788555310319,0.0680190348309127,35
All,LASSO,ZellerG_2014,0.7819362820909372,rCLR_Anaerobutyricum hallii,rCLR,Anaerobutyricum hallii,0.1639318437805824,0.10433654353096208,36
All,LASSO,ZellerG_2014,0.7819362820909372,PA_Blautia sp. CAG:257,PA,Blautia sp. CAG:257,0.16112939304702933,0.046953848288337686,37
All,LASSO,ZellerG_2014,0.7819362820909372,PA_Veillonella atypica,PA,Veillonella atypica,0.15955763476402193,-0.06104007190391071,38
All,LASSO,ZellerG_2014,0.7819362820909372,rCLR_Eubacterium ventriosum,rCLR,Eubacterium ventriosum,0.15590069122706732,-0.04864849175454709,39
All,LASSO,ZellerG_2014,0.7819362820909372,PA_Gordonibacter pamelaeae,PA,Gordonibacter pamelaeae,0.15369317257973789,0.02891036950363539,40
All,LASSO,ZellerG_2014,0.7819362820909372,PA_Intestinibacter bartlettii,PA,Intestinibacter bartlettii,0.1519686251059838,0.07257604523531151,41
All,LASSO,ZellerG_2014,0.7819362820909372,rCLR_Flavonifractor plautii,rCLR,Flavonifractor plautii,0.14888324937411163,-0.056082525144889026,42
All,LASSO,ZellerG_2014,0.7819362820909372,Gender,covariate,Gender,0.1484537208484754,-0.008907223250908505,43
All,LASSO,ZellerG_2014,0.7819362820909372,PA_Bacteroides caccae,PA,Bacteroides caccae,0.14742876078318576,0.03550640312055783,44
All,LASSO,ZellerG_2014,0.7819362820909372,rCLR_Firmicutes bacterium CAG:110,rCLR,Firmicutes bacterium CAG:110,0.14658631245456735,0.05585490287658791,45
All,LASSO,ZellerG_2014,0.7819362820909372,PA_Coprobacter fastidiosus,PA,Coprobacter fastidiosus,0.14624920408955028,-0.0733622768076509,46
All,LASSO,ZellerG_2014,0.7819362820909372,PA_[Eubacterium] rectale,PA,[Eubacterium] rectale,0.1462305202427556,0.09782551006980643,47
All,LASSO,ZellerG_2014,0.7819362820909372,PA_Coprococcus catus,PA,Coprococcus catus,0.1459278318816563,0.066171479321712,48
All,LASSO,ZellerG_2014,0.7819362820909372,PA_Bifidobacterium pseudocatenulatum,PA,Bifidobacterium pseudocatenulatum,0.1443505047724931,0.015545438975499273,49
All,LASSO,ZellerG_2014,0.7819362820909372,rCLR_Eggerthella lenta,rCLR,Eggerthella lenta,0.14212073140767248,0.015111413970832502,50
All,LASSO,ZellerG_2014,0.7819362820909372,rCLR_Roseburia hominis,rCLR,Roseburia hominis,0.14159244866017098,0.037195928360167545,51
All,LASSO,ZellerG_2014,0.7819362820909372,PA_Oscillibacter sp. 57_20,PA,Oscillibacter sp. 57_20,0.13399217426976956,0.03988538238326826,52
All,LASSO,ZellerG_2014,0.7819362820909372,PA_Adlercreutzia equolifaciens,PA,Adlercreutzia equolifaciens,0.13251669127584573,-0.03449064567453516,53
All,LASSO,ZellerG_2014,0.7819362820909372,PA_Desulfovibrio piger,PA,Desulfovibrio piger,0.12860659207831074,-0.06530135163178084,54
All,LASSO,ZellerG_2014,0.7819362820909372,PA_Bifidobacterium bifidum,PA,Bifidobacterium bifidum,0.12656250034830263,-0.02208739911865847,55
All,LASSO,ZellerG_2014,0.7819362820909372,rCLR_Bacteroides intestinalis,rCLR,Bacteroides intestinalis,0.12380412228769011,-0.03680509267046944,56
All,LASSO,ZellerG_2014,0.7819362820909372,PA_Flavonifractor plautii,PA,Flavonifractor plautii,0.1221187936941584,-0.04749064199217273,57
All,LASSO,ZellerG_2014,0.7819362820909372,PA_Parasutterella excrementihominis,PA,Parasutterella excrementihominis,0.11962938173521312,-0.03737906417667683,58
All,LASSO,ZellerG_2014,0.7819362820909372,rCLR_Alistipes finegoldii,rCLR,Alistipes finegoldii,0.11930084212805624,-0.01288962513267655,59
All,LASSO,ZellerG_2014,0.7819362820909372,rCLR_Phocaeicola vulgatus,rCLR,Phocaeicola vulgatus,0.11908472935070201,0.05838535927714741,60
All,LASSO,ZellerG_2014,0.7819362820909372,rCLR_Gemmiger formicilis,rCLR,Gemmiger formicilis,0.11735848207384277,0.029358902783021456,61
All,LASSO,ZellerG_2014,0.7819362820909372,rCLR_Agathobaculum butyriciproducens,rCLR,Agathobaculum butyriciproducens,0.11481920085806366,0.052789232940369364,62
All,LASSO,ZellerG_2014,0.7819362820909372,rCLR_Parabacteroides merdae,rCLR,Parabacteroides merdae,0.11421229235912492,0.0003164880346546101,63
All,LASSO,ZellerG_2014,0.7819362820909372,PA_Coprococcus comes,PA,Coprococcus comes,0.11063986689960978,0.06368395521807776,64
All,LASSO,ZellerG_2014,0.7819362820909372,PA_[Ruminococcus] lactaris,PA,[Ruminococcus] lactaris,0.10854818785131252,-0.03895839070827928,65
All,LASSO,ZellerG_2014,0.7819362820909372,rCLR_Odoribacter splanchnicus,rCLR,Odoribacter splanchnicus,0.10550956902891112,0.05059095038279969,66
All,LASSO,ZellerG_2014,0.7819362820909372,rCLR_Lachnospira pectinoschiza,rCLR,Lachnospira pectinoschiza,0.10492890704783422,0.013737543926041632,67
All,LASSO,ZellerG_2014,0.7819362820909372,PA_Roseburia faecis,PA,Roseburia faecis,0.10208816504127584,-0.06412221506020153,68
All,LASSO,ZellerG_2014,0.7819362820909372,PA_Enterocloster bolteae,PA,Enterocloster bolteae,0.10147677888528858,0.009820333440511794,69
All,LASSO,ZellerG_2014,0.7819362820909372,PA_Roseburia inulinivorans,PA,Roseburia inulinivorans,0.09985567528400122,-0.06657045018933413,70
All,LASSO,ZellerG_2014,0.7819362820909372,PA_Akkermansia muciniphila,PA,Akkermansia muciniphila,0.09876381718317138,0.031236088432703202,71
All,LASSO,ZellerG_2014,0.7819362820909372,PA_Phocaeicola coprocola,PA,Phocaeicola coprocola,0.09717660847616627,-0.023902310955831216,72
All,LASSO,ZellerG_2014,0.7819362820909372,rCLR_[Eubacterium] siraeum,rCLR,[Eubacterium] siraeum,0.09672436594933098,-0.005130285016653143,73
All,LASSO,ZellerG_2014,0.7819362820909372,PA_Odoribacter splanchnicus,PA,Odoribacter splanchnicus,0.09307646234747449,0.06337300382860685,74
All,LASSO,ZellerG_2014,0.7819362820909372,PA_Blautia wexlerae,PA,Blautia wexlerae,0.09010680042886686,0.03612210942302593,75
All,LASSO,ZellerG_2014,0.7819362820909372,rCLR_Paraprevotella xylaniphila,rCLR,Paraprevotella xylaniphila,0.08991432393535745,0.010566766925892594,76
All,LASSO,ZellerG_2014,0.7819362820909372,rCLR_Bacteroides uniformis,rCLR,Bacteroides uniformis,0.08986464543236755,-0.029174044897433648,77
All,LASSO,ZellerG_2014,0.7819362820909372,PA_Dorea longicatena,PA,Dorea longicatena,0.08930345642245754,-0.04024944514814989,78
All,LASSO,ZellerG_2014,0.7819362820909372,rCLR_Proteobacteria bacterium CAG:139,rCLR,Proteobacteria bacterium CAG:139,0.08738172019419792,0.05142436507696754,79
All,LASSO,ZellerG_2014,0.7819362820909372,rCLR_Dialister invisus,rCLR,Dialister invisus,0.0873506349120812,-0.010297942449184505,80
All,LASSO,ZellerG_2014,0.7819362820909372,rCLR_Eubacterium ramulus,rCLR,Eubacterium ramulus,0.08599785919219806,0.03509889589768909,81
All,LASSO,ZellerG_2014,0.7819362820909372,PA_Alistipes shahii,PA,Alistipes shahii,0.08452568420290263,0.0547024710973502,82
All,LASSO,ZellerG_2014,0.7819362820909372,rCLR_Coprococcus eutactus,rCLR,Coprococcus eutactus,0.08387782768259859,0.025514061643642463,83
All,LASSO,ZellerG_2014,0.7819362820909372,PA_[Ruminococcus] gnavus,PA,[Ruminococcus] gnavus,0.08324465307869629,-0.02011965309773871,84
All,LASSO,ZellerG_2014,0.7819362820909372,rCLR_Roseburia intestinalis,rCLR,Roseburia intestinalis,0.08254033563207985,0.004492073319508847,85
All,LASSO,ZellerG_2014,0.7819362820909372,PA_Bacteroides thetaiotaomicron,PA,Bacteroides thetaiotaomicron,0.08218811455764984,-0.0036282660937158252,86
All,LASSO,ZellerG_2014,0.7819362820909372,rCLR_Bacteroides stercoris,rCLR,Bacteroides stercoris,0.08205836792583156,0.024350974981823103,87
All,LASSO,ZellerG_2014,0.7819362820909372,PA_Lachnospira pectinoschiza,PA,Lachnospira pectinoschiza,0.08159262888442989,0.013589294984932932,88
All,LASSO,ZellerG_2014,0.7819362820909372,rCLR_Bacteroides thetaiotaomicron,rCLR,Bacteroides thetaiotaomicron,0.08123665945342565,-0.006465785311840751,89
All,LASSO,ZellerG_2014,0.7819362820909372,PA_Barnesiella intestinihominis,PA,Barnesiella intestinihominis,0.07911769072962853,0.04521010898835916,90
All,LASSO,ZellerG_2014,0.7819362820909372,rCLR_Bacteroides xylanisolvens,rCLR,Bacteroides xylanisolvens,0.07858015566616798,0.010505949626362886,91
All,LASSO,ZellerG_2014,0.7819362820909372,PA_Eubacterium ramulus,PA,Eubacterium ramulus,0.07786314921396999,0.025318598104740155,92
All,LASSO,ZellerG_2014,0.7819362820909372,rCLR_Ruminococcus bicirculans,rCLR,Ruminococcus bicirculans,0.07475781205296435,-0.01887068304511368,93
All,LASSO,ZellerG_2014,0.7819362820909372,PA_Bacteroides salyersiae,PA,Bacteroides salyersiae,0.07378242020861962,0.015284286749624634,94
All,LASSO,ZellerG_2014,0.7819362820909372,PA_Slackia isoflavoniconvertens,PA,Slackia isoflavoniconvertens,0.07354035004002585,-0.038323844387055696,95
All,LASSO,ZellerG_2014,0.7819362820909372,rCLR_Roseburia inulinivorans,rCLR,Roseburia inulinivorans,0.07034693609501519,-0.026878675824252036,96
All,LASSO,ZellerG_2014,0.7819362820909372,rCLR_Bifidobacterium pseudocatenulatum,rCLR,Bifidobacterium pseudocatenulatum,0.06946692527474307,-0.02741858540851354,97
All,LASSO,ZellerG_2014,0.7819362820909372,rCLR_Bacteroides caccae,rCLR,Bacteroides caccae,0.06932202136749985,0.0157732606841538,98
All,LASSO,ZellerG_2014,0.7819362820909372,PA_Clostridium sp. CAG:58,PA,Clostridium sp. CAG:58,0.06925667004006862,0.01616793342398814,99
All,LASSO,ZellerG_2014,0.7819362820909372,PA_Anaerotignum lactatifermentans,PA,Anaerotignum lactatifermentans,0.06762829658370559,-0.0028140633477783347,100
All,LASSO,ZellerG_2014,0.7819362820909372,rCLR_Klebsiella variicola,rCLR,Klebsiella variicola,0.06635465857413018,-0.019102335415496358,101
All,LASSO,ZellerG_2014,0.7819362820909372,PA_Eubacterium sp. CAG:251,PA,Eubacterium sp. CAG:251,0.06615490982309509,-0.028465694370995272,102
All,LASSO,ZellerG_2014,0.7819362820909372,rCLR_Bacteroides fragilis,rCLR,Bacteroides fragilis,0.06613810183672754,-0.016100199088104138,103
All,LASSO,ZellerG_2014,0.7819362820909372,PA_Bacteroides ovatus,PA,Bacteroides ovatus,0.06466821368009212,-0.03250591399647565,104
All,LASSO,ZellerG_2014,0.7819362820909372,rCLR_Eubacterium sp. CAG:251,rCLR,Eubacterium sp. CAG:251,0.06412758267250021,-0.014814247779301433,105
All,LASSO,ZellerG_2014,0.7819362820909372,rCLR_Phocaeicola dorei,rCLR,Phocaeicola dorei,0.06332290693766156,-0.013839789819029837,106
All,LASSO,ZellerG_2014,0.7819362820909372,PA_Dorea formicigenerans,PA,Dorea formicigenerans,0.0630688472515978,0.025196161364693027,107
All,LASSO,ZellerG_2014,0.7819362820909372,rCLR_Blautia wexlerae,rCLR,Blautia wexlerae,0.0630574654299595,-0.0026206794299794473,108
All,LASSO,ZellerG_2014,0.7819362820909372,PA_Erysipelatoclostridium ramosum,PA,Erysipelatoclostridium ramosum,0.062201325721817795,0.02242116284920051,109
All,LASSO,ZellerG_2014,0.7819362820909372,PA_Firmicutes bacterium CAG:83,PA,Firmicutes bacterium CAG:83,0.06174934495783246,-0.028811506472070415,110
All,LASSO,ZellerG_2014,0.7819362820909372,PA_Prevotella copri,PA,Prevotella copri,0.06017739151873032,-0.008596770216961477,111
All,LASSO,ZellerG_2014,0.7819362820909372,PA_Firmicutes bacterium CAG:145,PA,Firmicutes bacterium CAG:145,0.05967180362983283,0.018360554963025473,112
All,LASSO,ZellerG_2014,0.7819362820909372,PA_[Ruminococcus] torques,PA,[Ruminococcus] torques,0.05949551035354255,0.027210246738234786,113
All,LASSO,ZellerG_2014,0.7819362820909372,rCLR_Lachnospira eligens,rCLR,Lachnospira eligens,0.05907421651459044,-0.017055372999871823,114
All,LASSO,ZellerG_2014,0.7819362820909372,PA_Phocaeicola vulgatus,PA,Phocaeicola vulgatus,0.05894366350166305,-0.051759394266003296,115
All,LASSO,ZellerG_2014,0.7819362820909372,rCLR_Alistipes inops,rCLR,Alistipes inops,0.05754869638339652,-0.011351678697945164,116
All,LASSO,ZellerG_2014,0.7819362820909372,PA_Phascolarctobacterium faecium,PA,Phascolarctobacterium faecium,0.0571916357618825,-0.005802050004828665,117
All,LASSO,ZellerG_2014,0.7819362820909372,rCLR_Anaerotignum lactatifermentans,rCLR,Anaerotignum lactatifermentans,0.05669307278597577,0.01998742748230397,118
All,LASSO,ZellerG_2014,0.7819362820909372,rCLR_Akkermansia muciniphila,rCLR,Akkermansia muciniphila,0.0559343317319088,0.01230723254198511,119
All,LASSO,ZellerG_2014,0.7819362820909372,PA_Paraprevotella xylaniphila,PA,Paraprevotella xylaniphila,0.055308553003714005,0.011443148897320132,120
All,LASSO,ZellerG_2014,0.7819362820909372,rCLR_[Ruminococcus] gnavus,rCLR,[Ruminococcus] gnavus,0.054700696133039205,0.023302924949591807,121
All,LASSO,ZellerG_2014,0.7819362820909372,rCLR_Fusicatenibacter saccharivorans,rCLR,Fusicatenibacter saccharivorans,0.054459777358027,-0.004535233204929261,122
All,LASSO,ZellerG_2014,0.7819362820909372,rCLR_Bifidobacterium bifidum,rCLR,Bifidobacterium bifidum,0.05379180974903643,0.005503080066877281,123
All,LASSO,ZellerG_2014,0.7819362820909372,PA_Eubacterium ventriosum,PA,Eubacterium ventriosum,0.05248190752661597,0.025415766538046742,124
All,LASSO,ZellerG_2014,0.7819362820909372,rCLR_Faecalibacterium prausnitzii,rCLR,Faecalibacterium prausnitzii,0.0523863785713738,-0.006422849806702133,125
All,LASSO,ZellerG_2014,0.7819362820909372,rCLR_Phascolarctobacterium faecium,rCLR,Phascolarctobacterium faecium,0.05229965201203497,0.0037524596656777795,126
All,LASSO,ZellerG_2014,0.7819362820909372,rCLR_Bacteroides cellulosilyticus,rCLR,Bacteroides cellulosilyticus,0.05189513775566561,0.019047110057935777,127
All,LASSO,ZellerG_2014,0.7819362820909372,rCLR_Blautia sp. CAG:257,rCLR,Blautia sp. CAG:257,0.051758725062513486,-0.01567131057965917,128
All,LASSO,ZellerG_2014,0.7819362820909372,PA_Adlercreutzia equolifaciens_1,PA,Adlercreutzia equolifaciens_1,0.051406149402890566,-0.005536046858772829,129
All,LASSO,ZellerG_2014,0.7819362820909372,PA_Eubacterium sp. CAG:274,PA,Eubacterium sp. CAG:274,0.051319574413619805,0.00457303138339187,130
All,LASSO,ZellerG_2014,0.7819362820909372,PA_Anaerobutyricum hallii,PA,Anaerobutyricum hallii,0.050897114996507134,-0.026076916942654897,131
All,LASSO,ZellerG_2014,0.7819362820909372,rCLR_Phascolarctobacterium succinatutens,rCLR,Phascolarctobacterium succinatutens,0.04972397016586991,-0.0020829632757574886,132
All,LASSO,ZellerG_2014,0.7819362820909372,PA_Ruminococcus bromii,PA,Ruminococcus bromii,0.04956515930009959,-0.03635999165405499,133
All,LASSO,ZellerG_2014,0.7819362820909372,rCLR_Klebsiella quasipneumoniae,rCLR,Klebsiella quasipneumoniae,0.04904000306848948,0.022491147840347458,134
All,LASSO,ZellerG_2014,0.7819362820909372,rCLR_Bacteroides finegoldii,rCLR,Bacteroides finegoldii,0.04817224473852208,-0.0008092439558926858,135
All,LASSO,ZellerG_2014,0.7819362820909372,rCLR_Coprobacter fastidiosus,rCLR,Coprobacter fastidiosus,0.04799873799033913,0.013661763208598547,136
All,LASSO,ZellerG_2014,0.7819362820909372,PA_Alistipes finegoldii,PA,Alistipes finegoldii,0.04722990017519628,0.01793220808790875,137
All,LASSO,ZellerG_2014,0.7819362820909372,PA_Phocaeicola massiliensis,PA,Phocaeicola massiliensis,0.046996007519811464,-0.004163984489806825,138
All,LASSO,ZellerG_2014,0.7819362820909372,rCLR_Erysipelatoclostridium ramosum,rCLR,Erysipelatoclostridium ramosum,0.04557035889624128,-0.002124235812263281,139
All,LASSO,ZellerG_2014,0.7819362820909372,rCLR_Roseburia faecis,rCLR,Roseburia faecis,0.044104882697184294,-0.012133369265616239,140
All,LASSO,ZellerG_2014,0.7819362820909372,rCLR_Klebsiella pneumoniae,rCLR,Klebsiella pneumoniae,0.04385943480815056,0.0012369144051548385,141
All,LASSO,ZellerG_2014,0.7819362820909372,PA_Ruthenibacterium lactatiformans,PA,Ruthenibacterium lactatiformans,0.04264518452901133,0.021997807686215027,142
All,LASSO,ZellerG_2014,0.7819362820909372,PA_Alistipes putredinis,PA,Alistipes putredinis,0.042256158527979204,-0.023436012450721334,143
All,LASSO,ZellerG_2014,0.7819362820909372,PA_Phocaeicola dorei,PA,Phocaeicola dorei,0.04150555086031375,-0.004662267356911945,144
All,LASSO,ZellerG_2014,0.7819362820909372,rCLR_Bacteroides sp. CAG:144,rCLR,Bacteroides sp. CAG:144,0.04125454685500235,0.015459506828974177,145
All,LASSO,ZellerG_2014,0.7819362820909372,PA_Anaerostipes hadrus,PA,Anaerostipes hadrus,0.04055589098077707,0.027208382556723844,146
All,LASSO,ZellerG_2014,0.7819362820909372,rCLR_Phocaeicola coprocola,rCLR,Phocaeicola coprocola,0.0400040780755678,0.025975438183367214,147
All,LASSO,ZellerG_2014,0.7819362820909372,rCLR_Desulfovibrio piger,rCLR,Desulfovibrio piger,0.03923589501738211,0.011826917091598735,148
All,LASSO,ZellerG_2014,0.7819362820909372,rCLR_Oscillibacter sp. CAG:241,rCLR,Oscillibacter sp. CAG:241,0.03904119112126578,-0.01227864549131488,149
All,LASSO,ZellerG_2014,0.7819362820909372,rCLR_Collinsella aerofaciens,rCLR,Collinsella aerofaciens,0.03862363444353768,-0.017865023527472833,150
All,LASSO,ZellerG_2014,0.7819362820909372,PA_Bacteroides sp. CAG:144,PA,Bacteroides sp. CAG:144,0.03840498907888269,0.010821295265320538,151
All,LASSO,ZellerG_2014,0.7819362820909372,rCLR_Phocaeicola plebeius,rCLR,Phocaeicola plebeius,0.036685049214783334,0.015493765439830574,152
All,LASSO,ZellerG_2014,0.7819362820909372,rCLR_Barnesiella intestinihominis,rCLR,Barnesiella intestinihominis,0.03429812581351389,0.012977161707552686,153
All,LASSO,ZellerG_2014,0.7819362820909372,rCLR_Gordonibacter pamelaeae,rCLR,Gordonibacter pamelaeae,0.03231602387174305,0.003928312721751269,154
All,LASSO,ZellerG_2014,0.7819362820909372,PA_Lawsonibacter asaccharolyticus,PA,Lawsonibacter asaccharolyticus,0.03200643979547258,-0.005224256643115487,155
All,LASSO,ZellerG_2014,0.7819362820909372,PA_Roseburia hominis,PA,Roseburia hominis,0.0312630055303734,-0.009730869271043373,156
All,LASSO,ZellerG_2014,0.7819362820909372,rCLR_Intestinibacter bartlettii,rCLR,Intestinibacter bartlettii,0.030598679001668974,-0.00047847845768264776,157
All,LASSO,ZellerG_2014,0.7819362820909372,rCLR_Parabacteroides distasonis,rCLR,Parabacteroides distasonis,0.03051629752948135,0.011335656118904709,158
All,LASSO,ZellerG_2014,0.7819362820909372,PA_Agathobaculum butyriciproducens,PA,Agathobaculum butyriciproducens,0.030048471811607403,-0.00010361542004002269,159
All,LASSO,ZellerG_2014,0.7819362820909372,rCLR_Blautia obeum,rCLR,Blautia obeum,0.029820962912906302,-0.015934771922648215,160
All,LASSO,ZellerG_2014,0.7819362820909372,PA_Bacteroides uniformis,PA,Bacteroides uniformis,0.028958777408848835,-0.028958777408848835,161
All,LASSO,ZellerG_2014,0.7819362820909372,rCLR_Clostridium sp. CAG:58,rCLR,Clostridium sp. CAG:58,0.028678917979204556,-0.013411576656458412,162
All,LASSO,ZellerG_2014,0.7819362820909372,PA_Megamonas funiformis,PA,Megamonas funiformis,0.027877491809322807,-0.01189439650531107,163
All,LASSO,ZellerG_2014,0.7819362820909372,rCLR_Bacteroides eggerthii,rCLR,Bacteroides eggerthii,0.027823507149249364,-0.01076029339308843,164
All,LASSO,ZellerG_2014,0.7819362820909372,rCLR_Firmicutes bacterium CAG:145,rCLR,Firmicutes bacterium CAG:145,0.026091593816626613,-0.007244270723656902,165
All,LASSO,ZellerG_2014,0.7819362820909372,PA_Escherichia coli,PA,Escherichia coli,0.025790609839083264,-0.0048513284465200104,166
All,LASSO,ZellerG_2014,0.7819362820909372,rCLR_Alistipes shahii,rCLR,Alistipes shahii,0.02488746523837758,-0.006328330043733144,167
All,LASSO,ZellerG_2014,0.7819362820909372,rCLR_Oscillibacter sp. 57_20,rCLR,Oscillibacter sp. 57_20,0.02394835469544589,-0.012345080424131726,168
All,LASSO,ZellerG_2014,0.7819362820909372,rCLR_Prevotella copri,rCLR,Prevotella copri,0.02347209565322482,-0.0014786350135174466,169
All,LASSO,ZellerG_2014,0.7819362820909372,PA_Bacteroides cellulosilyticus,PA,Bacteroides cellulosilyticus,0.02169052513755083,-0.0018533043630185838,170
All,LASSO,ZellerG_2014,0.7819362820909372,rCLR_Dorea longicatena,rCLR,Dorea longicatena,0.02144925379053261,0.008654252669927366,171
All,LASSO,ZellerG_2014,0.7819362820909372,rCLR_Eubacterium sp. CAG:274,rCLR,Eubacterium sp. CAG:274,0.019799049165168593,0.003165773601209181,172
All,LASSO,ZellerG_2014,0.7819362820909372,PA_Bacteroides fragilis,PA,Bacteroides fragilis,0.016925062851475065,0.002836091612949876,173
All,LASSO,ZellerG_2014,0.7819362820909372,PA_Ruminococcus bicirculans,PA,Ruminococcus bicirculans,0.015956463592699123,0.0028296352016433895,174
All,LASSO,ZellerG_2014,0.7819362820909372,rCLR_Coprococcus catus,rCLR,Coprococcus catus,0.015274114966587383,0.005924078315409935,175
All,LASSO,ZellerG_2014,0.7819362820909372,rCLR_Firmicutes bacterium CAG:83,rCLR,Firmicutes bacterium CAG:83,0.015145090936404143,-0.001371363853563362,176
All,LASSO,ZellerG_2014,0.7819362820909372,PA_Bacteroides eggerthii,PA,Bacteroides eggerthii,0.013801096566962621,-0.0023143190906846855,177
All,LASSO,ZellerG_2014,0.7819362820909372,PA_Bacteroides finegoldii,PA,Bacteroides finegoldii,0.013433137258887201,0.0023443204996442916,178
All,LASSO,ZellerG_2014,0.7819362820909372,PA_Acidaminococcus intestini,PA,Acidaminococcus intestini,0.013430960594854336,-0.0014977853679819277,179
All,LASSO,ZellerG_2014,0.7819362820909372,rCLR_Acidaminococcus intestini,rCLR,Acidaminococcus intestini,0.013154922161707047,-0.00627015378979721,180
All,LASSO,ZellerG_2014,0.7819362820909372,rCLR_Bacteroides salyersiae,rCLR,Bacteroides salyersiae,0.012778920951416348,0.004415137460185975,181
All,LASSO,ZellerG_2014,0.7819362820909372,PA_Blautia obeum,PA,Blautia obeum,0.01264393570505335,0.009191348095555382,182
All,LASSO,ZellerG_2014,0.7819362820909372,PA_Bacteroides stercoris,PA,Bacteroides stercoris,0.012051466915889436,-0.0029773721105437177,183
All,LASSO,ZellerG_2014,0.7819362820909372,PA_Faecalibacterium prausnitzii,PA,Faecalibacterium prausnitzii,0.011907074640336924,-0.011907074640336924,184
All,LASSO,ZellerG_2014,0.7819362820909372,rCLR_Enterocloster bolteae,rCLR,Enterocloster bolteae,0.011705343705855208,0.00137660690345,185
All,LASSO,ZellerG_2014,0.7819362820909372,PA_Klebsiella quasipneumoniae,PA,Klebsiella quasipneumoniae,0.01128209665415573,-0.0077837721102314746,186
All,LASSO,ZellerG_2014,0.7819362820909372,PA_Parabacteroides distasonis,PA,Parabacteroides distasonis,0.010315668159068911,0.003438556053022964,187
All,LASSO,ZellerG_2014,0.7819362820909372,PA_Bifidobacterium longum,PA,Bifidobacterium longum,0.01000435524935128,0.0020663573204100175,188
All,LASSO,ZellerG_2014,0.7819362820909372,rCLR_Bifidobacterium longum,rCLR,Bifidobacterium longum,0.009272031229293877,-0.0012192716789155887,189
All,LASSO,ZellerG_2014,0.7819362820909372,rCLR_Bacteroides ovatus,rCLR,Bacteroides ovatus,0.008818614746131371,0.0009490129669766916,190
All,LASSO,ZellerG_2014,0.7819362820909372,rCLR_Megamonas funiformis,rCLR,Megamonas funiformis,0.0071578707113065685,0.006284529350727485,191
All,LASSO,ZellerG_2014,0.7819362820909372,rCLR_Lawsonibacter asaccharolyticus,rCLR,Lawsonibacter asaccharolyticus,0.00535845471426509,0.0019923115670445564,192
All,LASSO,ZellerG_2014,0.7819362820909372,rCLR_Veillonella atypica,rCLR,Veillonella atypica,0.005349844291595406,-0.00038492549585835236,193
All,LASSO,ZellerG_2014,0.7819362820909372,rCLR_[Eubacterium] rectale,rCLR,[Eubacterium] rectale,0.005009647241339048,0.0006972764532714264,194
All,LASSO,ZellerG_2014,0.7819362820909372,PA_Bacteroides xylanisolvens,PA,Bacteroides xylanisolvens,0.0033344489762697207,-0.0009602066536249478,195
All,LASSO,ZellerG_2014,0.7819362820909372,PA_Bifidobacterium adolescentis,PA,Bifidobacterium adolescentis,0.002389615555556373,-0.0007309797927147747,196
All,LASSO,ZellerG_2014,0.7819362820909372,rCLR_Holdemanella biformis,rCLR,Holdemanella biformis,0.0019387100647195767,-0.0007063569436188572,197
All,LASSO,ZellerG_2014,0.7819362820909372,PA_Proteobacteria bacterium CAG:139,PA,Proteobacteria bacterium CAG:139,0.0013813726616121076,-0.0005182555731850165,198
All,LASSO,ZellerG_2014,0.7819362820909372,rCLR_Parasutterella excrementihominis,rCLR,Parasutterella excrementihominis,0.0012229012903850305,-0.00024126529990529586,199
All,LASSO,ZellerG_2014,0.7819362820909372,rCLR_Eubacterium sp. CAG:180,rCLR,Eubacterium sp. CAG:180,0.0011019254841516293,0.0004012659647988155,200
All,LASSO,ZellerG_2014,0.7819362820909372,PA_Oscillibacter sp. CAG:241,PA,Oscillibacter sp. CAG:241,0.0,0.0,201
All,LASSO,ZellerG_2014,0.7819362820909372,PA_Phascolarctobacterium succinatutens,PA,Phascolarctobacterium succinatutens,0.0,0.0,202
All,LASSO,ZellerG_2014,0.7819362820909372,PA_Holdemanella biformis,PA,Holdemanella biformis,0.0,0.0,203
All,LASSO,ZellerG_2014,0.7819362820909372,PA_Coprococcus eutactus,PA,Coprococcus eutactus,0.0,0.0,204
All,LASSO,ZellerG_2014,0.7819362820909372,PA_Fusicatenibacter saccharivorans,PA,Fusicatenibacter saccharivorans,0.0,0.0,205
All,LASSO,ZellerG_2014,0.7819362820909372,PA_Alistipes inops,PA,Alistipes inops,0.0,0.0,206
All,LASSO,ZellerG_2014,0.7819362820909372,PA_Dialister invisus,PA,Dialister invisus,0.0,0.0,207
All,LASSO,ZellerG_2014,0.7819362820909372,rCLR_[Ruminococcus] lactaris,rCLR,[Ruminococcus] lactaris,0.0,0.0,208
All,LASSO,ZellerG_2014,0.7819362820909372,rCLR_Alistipes putredinis,rCLR,Alistipes putredinis,0.0,0.0,209
All,LASSO,ZellerG_2014,0.7819362820909372,rCLR_Bifidobacterium adolescentis,rCLR,Bifidobacterium adolescentis,0.0,0.0,210
All,LASSO,ZellerG_2014,0.7819362820909372,rCLR_Streptococcus parasanguinis,rCLR,Streptococcus parasanguinis,0.0,0.0,211
All,LASSO,ZellerG_2014,0.7819362820909372,rCLR_Adlercreutzia equolifaciens_1,rCLR,Adlercreutzia equolifaciens_1,0.0,0.0,212
All,LASSO,ZellerG_2014,0.7819362820909372,rCLR_Slackia isoflavoniconvertens,rCLR,Slackia isoflavoniconvertens,0.0,0.0,213
All,LASSO,ZellerG_2014,0.7819362820909372,rCLR_Escherichia coli,rCLR,Escherichia coli,0.0,0.0,214
All,LASSO,ZellerG_2014,0.7819362820909372,rCLR_Eubacterium sp. CAG:38,rCLR,Eubacterium sp. CAG:38,0.0,0.0,215
All,LASSO,ZellerG_2014,0.7819362820909372,rCLR_Phocaeicola massiliensis,rCLR,Phocaeicola massiliensis,0.0,0.0,216
