Model,Algorithm,Feature,Feature_Type,Species,MeanAbsSHAP_Mean,MeanAbsSHAP_Median,MeanSignedSHAP_Mean,MeanRank,MedianRank,BestRank,N_Folds_Evaluated,N_Folds_TopK,Total_Folds,StabilityScore,MeanAbsSHAP_Scaled,ConsensusScore,ConsensusRank
OnlyMale,RandomForest,PA_Parvimonas micra,PA,Parvimonas micra,0.03453275779455908,0.03359855304708059,0.0002582258524900259,1.0,1.0,1,10,10,10,1.0,1.0,1.0,1
OnlyMale,RandomForest,rCLR_Parvimonas micra,rCLR,Parvimonas micra,0.016311480351879556,0.01307936690857598,-0.0003951882680870187,5.4,4.0,2,10,10,10,1.0,0.4723480368674628,0.8153218129036119,2
OnlyMale,RandomForest,rCLR_Ruthenibacterium lactatiformans,rCLR,Ruthenibacterium lactatiformans,0.011591287517136345,0.011454475675959367,0.0018384914595074345,6.1,5.0,3,10,10,10,1.0,0.33566063811337554,0.7674812233396815,3
OnlyMale,RandomForest,rCLR_Roseburia intestinalis,rCLR,Roseburia intestinalis,0.011018951369905513,0.01089974676939179,-0.00017654307419921218,7.4,7.5,2,10,10,10,1.0,0.31908692133593913,0.7616804224675787,4
OnlyMale,RandomForest,rCLR_Odoribacter splanchnicus,rCLR,Odoribacter splanchnicus,0.010975725151532341,0.010562604299686118,-0.0005038582401798877,6.8,6.5,3,10,10,10,1.0,0.31783517600385963,0.7612423116013509,5
OnlyMale,RandomForest,rCLR_Fusicatenibacter saccharivorans,rCLR,Fusicatenibacter saccharivorans,0.0108193473571882,0.010370392780038751,-0.0021238304007497,7.7,7.0,2,10,10,10,1.0,0.31330678602485884,0.7596573751087006,6
OnlyMale,RandomForest,rCLR_Lachnospira eligens,rCLR,Lachnospira eligens,0.010260094066871794,0.010180403041456027,0.0008167767960554292,8.4,8.0,4,10,10,10,1.0,0.2971119227694104,0.7539891729692937,7
OnlyMale,RandomForest,rCLR_Akkermansia muciniphila,rCLR,Akkermansia muciniphila,0.00978622950437922,0.009020513681169753,0.0039902432276765236,9.9,9.0,2,10,10,10,1.0,0.28338974728282834,0.7491864115489899,8
OnlyMale,RandomForest,rCLR_Roseburia faecis,rCLR,Roseburia faecis,0.0114250361974188,0.012186549151708203,-0.0003135169301104426,7.0,4.0,2,10,9,10,0.9,0.3308463304723061,0.7007962156653071,9
OnlyMale,RandomForest,rCLR_Eubacterium ventriosum,rCLR,Eubacterium ventriosum,0.008707949484879475,0.00787096905134553,-0.0014718663358411618,10.7,11.5,3,10,9,10,0.9,0.25216490199492503,0.6732577156982238,10
OnlyMale,RandomForest,rCLR_Lachnospira pectinoschiza,rCLR,Lachnospira pectinoschiza,0.007967317543277466,0.006644687186225365,-0.00043437028806081885,13.9,14.5,4,10,9,10,0.9,0.2307176736557305,0.6657511857795058,11
OnlyMale,RandomForest,rCLR_Firmicutes bacterium CAG:145,rCLR,Firmicutes bacterium CAG:145,0.0072666477575752345,0.0065842397302769366,-0.0026809656411750315,17.3,14.0,4,10,8,10,0.8,0.21042766988972292,0.593649684461403,12
OnlyMale,RandomForest,rCLR_Bacteroides caccae,rCLR,Bacteroides caccae,0.0068569478781213,0.006801363911397001,-4.55187782951328e-05,14.9,12.5,8,10,8,10,0.8,0.19856357603740724,0.5894972516130925,13
OnlyMale,RandomForest,rCLR_Bifidobacterium pseudocatenulatum,rCLR,Bifidobacterium pseudocatenulatum,0.005915918183010083,0.006739221865815726,0.002268932105811622,20.9,17.5,5,10,6,10,0.6,0.1713132272320916,0.4499596295312321,14
OnlyMale,RandomForest,rCLR_Eubacterium sp. CAG:251,rCLR,Eubacterium sp. CAG:251,0.006404997101699374,0.0056085723471651335,0.005148691717563715,29.6,18.5,4,10,5,10,0.5,0.18547598022155454,0.3899165930775441,15
OnlyMale,RandomForest,Age,covariate,Age,0.005257309707921542,0.005345990838588836,0.000714782001614346,24.3,23.0,10,10,5,10,0.5,0.15224123538577836,0.3782844323850224,16
OnlyMale,RandomForest,rCLR_Eubacterium sp. CAG:38,rCLR,Eubacterium sp. CAG:38,0.00481455419028373,0.005176598396809621,0.0002588140832620251,25.6,20.0,13,10,5,10,0.5,0.13941991598024941,0.3737969705930873,17
OnlyMale,RandomForest,rCLR_Butyricimonas virosa,rCLR,Butyricimonas virosa,0.004766479526679232,0.005079083763661474,-0.001535275619810122,25.3,20.0,12,10,5,10,0.5,0.13802776931503077,0.3733097192602608,18
OnlyMale,RandomForest,rCLR_Anaerobutyricum hallii,rCLR,Anaerobutyricum hallii,0.004686610540556105,0.0043682157641360365,0.002480253364466974,36.3,29.0,12,10,5,10,0.5,0.13571492229023535,0.3725002228015824,19
OnlyMale,RandomForest,rCLR_Paraprevotella xylaniphila,rCLR,Paraprevotella xylaniphila,0.006140248754318709,0.0049481156613771955,-0.0003799792563423254,24.1,23.0,4,10,4,10,0.4,0.17780939451311809,0.32223328807959134,20
OnlyMale,RandomForest,rCLR_Coprococcus catus,rCLR,Coprococcus catus,0.005557041512682467,0.004124871272355238,0.0006074577014805935,25.0,28.5,3,10,4,10,0.4,0.16092087245803532,0.31632230536031236,21
OnlyMale,RandomForest,rCLR_Methanobrevibacter smithii,rCLR,Methanobrevibacter smithii,0.005095478537522369,0.004563046804831354,0.0014117313116297318,28.4,26.5,6,10,4,10,0.4,0.14755492647984236,0.3116442242679448,22
OnlyMale,RandomForest,rCLR_Phocaeicola coprocola,rCLR,Phocaeicola coprocola,0.00508062502094828,0.005181534937075461,-0.0019043035801940996,26.5,23.5,14,10,4,10,0.4,0.147124798174931,0.31149367936122585,23
OnlyMale,RandomForest,rCLR_Anaerostipes hadrus,rCLR,Anaerostipes hadrus,0.004719192293613143,0.004123232515427601,0.0006147896087206398,26.0,26.5,14,10,4,10,0.4,0.13665842507245946,0.3078304487753608,24
OnlyMale,RandomForest,rCLR_Parabacteroides distasonis,rCLR,Parabacteroides distasonis,0.004367508617312281,0.003814037172829972,-0.0002728845193266503,29.8,30.0,18,10,3,10,0.3,0.12647436510270307,0.23926602778594608,25
OnlyMale,RandomForest,rCLR_Flavonifractor plautii,rCLR,Flavonifractor plautii,0.004245777387557076,0.0037559245870753704,0.0004893721557781744,32.6,29.0,15,10,3,10,0.3,0.12294927074217145,0.23803224475976,26
OnlyMale,RandomForest,rCLR_Escherichia coli,rCLR,Escherichia coli,0.004010385500119058,0.0038869733804026895,0.0003872880347253325,33.3,29.5,15,10,3,10,0.3,0.11613278974061339,0.23564647640921468,27
OnlyMale,RandomForest,rCLR_Faecalibacterium prausnitzii,rCLR,Faecalibacterium prausnitzii,0.004732942634918791,0.004868470138706107,9.40891505840294e-06,26.5,24.0,12,10,2,10,0.2,0.13705660761517588,0.17796981266531156,28
OnlyMale,RandomForest,rCLR_Alistipes putredinis,rCLR,Alistipes putredinis,0.0038727923907351095,0.0027903960540809868,0.0015056866601333711,44.2,44.0,7,10,2,10,0.2,0.11214836688615988,0.16925192841015596,29
OnlyMale,RandomForest,rCLR_Oscillibacter sp. 57_20,rCLR,Oscillibacter sp. 57_20,0.0030759307151502356,0.0025323847701187946,0.00038711232227384704,50.4,50.0,14,10,2,10,0.2,0.08907283725931885,0.1611754930407616,30
OnlyMale,RandomForest,rCLR_Dorea longicatena,rCLR,Dorea longicatena,0.002643480047950666,0.0018899922858070257,0.001258913092931398,62.1,72.5,18,10,2,10,0.2,0.07654992583207959,0.15679247404122787,31
OnlyMale,RandomForest,rCLR_Bacteroides thetaiotaomicron,rCLR,Bacteroides thetaiotaomicron,0.00415881034331427,0.003891085345765203,-0.00034037011686465955,29.7,30.5,15,10,1,10,0.1,0.12043087806817226,0.10715080732386029,32
OnlyMale,RandomForest,rCLR_Alistipes finegoldii,rCLR,Alistipes finegoldii,0.0041406704609342985,0.00297099002704809,0.0013981668948908046,39.4,42.5,4,10,1,10,0.1,0.11990558314420793,0.10696695410047277,33
OnlyMale,RandomForest,rCLR_[Ruminococcus] torques,rCLR,[Ruminococcus] torques,0.003630880086081366,0.0035163137437957993,0.0003146544438344069,34.2,32.0,17,10,1,10,0.1,0.10514306756738208,0.10180007364858373,34
OnlyMale,RandomForest,rCLR_Bifidobacterium bifidum,rCLR,Bifidobacterium bifidum,0.00354517681690905,0.003279052198290152,0.0012774543687833718,39.0,35.0,19,10,1,10,0.1,0.10266127130650485,0.1009314449572767,35
OnlyMale,RandomForest,PA_Streptococcus salivarius,PA,Streptococcus salivarius,0.003252936880332949,0.0025173515682936484,0.00039674939308494025,46.3,50.0,16,10,1,10,0.1,0.09419858383987727,0.09796950434395704,36
OnlyMale,RandomForest,rCLR_Dorea formicigenerans,rCLR,Dorea formicigenerans,0.0031751361359754573,0.002853609527376414,0.000753735739974408,43.9,44.5,19,10,1,10,0.1,0.09194562898407511,0.09718097014442628,37
OnlyMale,RandomForest,rCLR_Bacteroides cellulosilyticus,rCLR,Bacteroides cellulosilyticus,0.0031708884105577178,0.0027226907856376997,-0.0003793206182242185,43.2,44.0,18,10,1,10,0.1,0.09182262330225237,0.09713791815578833,38
OnlyMale,RandomForest,rCLR_[Eubacterium] rectale,rCLR,[Eubacterium] rectale,0.0028449870783165895,0.0023088064448958897,0.00016352936381257621,48.6,52.5,18,10,1,10,0.1,0.08238516875025952,0.09383480906259083,39
OnlyMale,RandomForest,rCLR_Acidaminococcus intestini,rCLR,Acidaminococcus intestini,0.0025091543151698954,0.0021163666699740326,-0.0005891557808206159,68.1,61.5,6,10,1,10,0.1,0.07266011970712727,0.09043104189749454,40
OnlyMale,RandomForest,rCLR_Clostridium sp. CAG:58,rCLR,Clostridium sp. CAG:58,0.004202629359883333,0.004415499245803953,-0.0004768160702302222,29.0,26.0,22,10,0,10,0.0,0.1216997896572712,0.04259492638004492,41
OnlyMale,RandomForest,rCLR_Collinsella aerofaciens,rCLR,Collinsella aerofaciens,0.003957006762364627,0.0040295498051477335,1.6591377880280626e-05,31.6,29.0,24,10,0,10,0.0,0.11458704763475583,0.04010546667216454,42
OnlyMale,RandomForest,rCLR_Bacteroides salyersiae,rCLR,Bacteroides salyersiae,0.0034087467556929373,0.003481800078683892,-0.0010660830905966337,36.9,33.5,24,10,0,10,0.0,0.09871052801436013,0.03454868480502604,43
OnlyMale,RandomForest,rCLR_[Eubacterium] siraeum,rCLR,[Eubacterium] siraeum,0.0032213671333018363,0.0032474779633992912,3.954874390627932e-05,39.9,37.0,30,10,0,10,0.0,0.09328438673986787,0.032649535358953756,44
OnlyMale,RandomForest,rCLR_Blautia obeum,rCLR,Blautia obeum,0.0030614246010556142,0.0029986339269951925,0.0009080033466642507,47.7,45.0,24,10,0,10,0.0,0.08865276903942976,0.031028469163800414,45
OnlyMale,RandomForest,rCLR_Roseburia hominis,rCLR,Roseburia hominis,0.0029107594329979584,0.002992552520082941,4.287631331223634e-05,47.3,41.0,27,10,0,10,0.0,0.08428980535856805,0.029501431875498814,46
OnlyMale,RandomForest,rCLR_Desulfovibrio piger,rCLR,Desulfovibrio piger,0.0028773678982067143,0.0027028683364918125,-0.0008689663475983465,49.2,48.5,24,10,0,10,0.0,0.08332285290750996,0.029162998517628484,47
OnlyMale,RandomForest,rCLR_Coprobacter fastidiosus,rCLR,Coprobacter fastidiosus,0.0028571129850168556,0.003089648154534581,-0.001541389499002715,47.8,38.5,31,10,0,10,0.0,0.08273631089686724,0.028957708813903534,48
OnlyMale,RandomForest,rCLR_Oscillibacter sp. CAG:241,rCLR,Oscillibacter sp. CAG:241,0.002840403262164473,0.002594779114692587,0.0002875606250735948,51.4,48.5,24,10,0,10,0.0,0.08225243054905976,0.02878835069217091,49
OnlyMale,RandomForest,rCLR_Agathobaculum butyriciproducens,rCLR,Agathobaculum butyriciproducens,0.0027474954597105686,0.0026518826814582487,0.000550575893522473,47.3,50.0,22,10,0,10,0.0,0.07956200533000753,0.027846701865502633,50
OnlyMale,RandomForest,rCLR_Bifidobacterium longum,rCLR,Bifidobacterium longum,0.002683834964562997,0.002430963121513,-0.000364859719416904,52.7,55.0,25,10,0,10,0.0,0.07771852397452766,0.02720148339108468,51
OnlyMale,RandomForest,rCLR_Parabacteroides merdae,rCLR,Parabacteroides merdae,0.002647294140183593,0.002792210559282005,0.00018809166732688446,50.7,46.0,34,10,0,10,0.0,0.07666037435911638,0.026831131025690732,52
OnlyMale,RandomForest,rCLR_Veillonella atypica,rCLR,Veillonella atypica,0.00249655436776855,0.002680011995082477,-0.0005878736920658682,56.0,49.0,34,10,0,10,0.0,0.07229525028440974,0.025303337599543407,53
OnlyMale,RandomForest,rCLR_Adlercreutzia equolifaciens_1,rCLR,Adlercreutzia equolifaciens_1,0.002471396546788336,0.0023383448807578373,-0.000480859019748654,58.3,57.5,22,10,0,10,0.0,0.07156672981321302,0.025048355434624556,54
OnlyMale,RandomForest,rCLR_Phocaeicola plebeius,rCLR,Phocaeicola plebeius,0.0024509891391395846,0.0024536734217415423,-0.0007950406475688528,57.7,53.0,27,10,0,10,0.0,0.07097577186626426,0.02484152015319249,55
OnlyMale,RandomForest,PA_Methanobrevibacter smithii,PA,Methanobrevibacter smithii,0.0022661497772846822,0.0018641971672179322,5.474119203806496e-05,66.6,71.0,25,10,0,10,0.0,0.06562319148578781,0.02296811702002573,56
OnlyMale,RandomForest,rCLR_Roseburia inulinivorans,rCLR,Roseburia inulinivorans,0.002220698386463751,0.002211024768681574,0.0004998075226961389,60.2,52.0,43,10,0,10,0.0,0.0643070095842053,0.02250745335447185,57
OnlyMale,RandomForest,rCLR_Coprococcus comes,rCLR,Coprococcus comes,0.002209294233631434,0.002115985914910434,0.0006829859940365821,60.4,63.5,29,10,0,10,0.0,0.06397676799446138,0.02239186879806148,58
OnlyMale,RandomForest,rCLR_Lawsonibacter asaccharolyticus,rCLR,Lawsonibacter asaccharolyticus,0.0021988976787476267,0.002069697344517563,-0.0006079482486442409,63.5,65.0,35,10,0,10,0.0,0.06367570443777534,0.022286496553221367,59
OnlyMale,RandomForest,rCLR_Alistipes shahii,rCLR,Alistipes shahii,0.0021599381580265312,0.002237604051898121,0.00021917632194071298,63.8,56.5,37,10,0,10,0.0,0.06254751418570013,0.021891629964995045,60
OnlyMale,RandomForest,rCLR_Gemmiger formicilis,rCLR,Gemmiger formicilis,0.0021505159911012397,0.0020212039247771048,6.539375596684109e-05,62.9,61.0,32,10,0,10,0.0,0.06227466696679728,0.021796133438379047,61
OnlyMale,RandomForest,rCLR_Bacteroides sp. CAG:144,rCLR,Bacteroides sp. CAG:144,0.00207524924211379,0.0022191720278691217,-0.0006793343557688494,65.4,59.5,36,10,0,10,0.0,0.060095091578256814,0.021033282052389884,62
OnlyMale,RandomForest,rCLR_Phocaeicola vulgatus,rCLR,Phocaeicola vulgatus,0.002061299578104898,0.002004288153205592,-0.00019046032422459145,66.3,66.0,39,10,0,10,0.0,0.0596911370463923,0.0208918979662373,63
OnlyMale,RandomForest,rCLR_Blautia sp. CAG:257,rCLR,Blautia sp. CAG:257,0.0020349339848155174,0.0017873028325671456,-0.000602328408250834,73.0,72.0,26,10,0,10,0.0,0.05892764189068438,0.020624674661739534,64
OnlyMale,RandomForest,rCLR_Gordonibacter pamelaeae,rCLR,Gordonibacter pamelaeae,0.0020081897982897703,0.0015974905005526198,0.00039511430561458237,74.0,79.0,23,10,0,10,0.0,0.0581531834276548,0.02035361419967918,65
OnlyMale,RandomForest,rCLR_Holdemanella biformis,rCLR,Holdemanella biformis,0.0019720475090482586,0.0018065894631515934,0.00010021616461887602,73.7,70.0,28,10,0,10,0.0,0.05710657459738042,0.019987301109083148,66
OnlyMale,RandomForest,rCLR_Bacteroides xylanisolvens,rCLR,Bacteroides xylanisolvens,0.0019298717050770767,0.0018338844277190874,0.00012028760031313798,72.7,66.0,41,10,0,10,0.0,0.05588524717771436,0.019559836512200026,67
OnlyMale,RandomForest,rCLR_Proteobacteria bacterium CAG:139,rCLR,Proteobacteria bacterium CAG:139,0.0019255877810661626,0.0019756693802244424,-0.0006322878688200535,70.4,64.5,34,10,0,10,0.0,0.0557611932566114,0.019516417639813988,68
OnlyMale,RandomForest,rCLR_Klebsiella pneumoniae,rCLR,Klebsiella pneumoniae,0.0019234456338278754,0.0015442387100842634,0.0002982189063389509,76.9,82.5,29,10,0,10,0.0,0.055699160932085476,0.019494706326229915,69
OnlyMale,RandomForest,rCLR_Eubacterium sp. CAG:274,rCLR,Eubacterium sp. CAG:274,0.0018975947218645283,0.001862460029196827,-0.0003878163294847052,70.2,68.5,49,10,0,10,0.0,0.054950569924175297,0.019232699473461352,70
OnlyMale,RandomForest,rCLR_Bacteroides fragilis,rCLR,Bacteroides fragilis,0.0018598237953547005,0.0020618844689362474,0.00021740857691091535,75.5,65.0,42,10,0,10,0.0,0.05385679899703032,0.01884987964896061,71
OnlyMale,RandomForest,PA_Collinsella aerofaciens,PA,Collinsella aerofaciens,0.0018465531226886617,0.0017993135904580226,-5.149468162196641e-05,85.3,75.0,36,10,0,10,0.0,0.05347250670433281,0.018715377346516484,72
OnlyMale,RandomForest,rCLR_Enterocloster bolteae,rCLR,Enterocloster bolteae,0.0018205893026969199,0.0016730974938615729,-0.00041035689821756387,75.0,75.5,42,10,0,10,0.0,0.052720646104429246,0.018452226136550235,73
OnlyMale,RandomForest,rCLR_Erysipelatoclostridium ramosum,rCLR,Erysipelatoclostridium ramosum,0.0018159752273140643,0.0016756663964717267,8.999883404777972e-07,74.6,77.5,41,10,0,10,0.0,0.052587031656075436,0.0184054610796264,74
OnlyMale,RandomForest,rCLR_Streptococcus thermophilus,rCLR,Streptococcus thermophilus,0.0018130022494970764,0.0018504238808104527,0.0001764360383324825,73.0,69.5,48,10,0,10,0.0,0.05250094013003299,0.018375329045511545,75
OnlyMale,RandomForest,rCLR_Phocaeicola dorei,rCLR,Phocaeicola dorei,0.001800132423182968,0.0018246535469669339,-0.0002027338450330812,75.8,73.5,50,10,0,10,0.0,0.05212825555063527,0.018244889442722345,76
OnlyMale,RandomForest,rCLR_Prevotella copri,rCLR,Prevotella copri,0.0017908305424595955,0.0018299588712456282,0.0006408804152709843,73.6,71.0,46,10,0,10,0.0,0.05185889158096013,0.018150612053336044,77
OnlyMale,RandomForest,rCLR_Slackia isoflavoniconvertens,rCLR,Slackia isoflavoniconvertens,0.0016815138066544294,0.0014898376305094098,-0.0007873049025426829,80.0,80.5,43,10,0,10,0.0,0.04869329627995612,0.01704265369798464,78
OnlyMale,RandomForest,rCLR_Adlercreutzia equolifaciens,rCLR,Adlercreutzia equolifaciens,0.001680182247210576,0.0015290557687622822,-0.00023296219378233707,77.8,79.5,36,10,0,10,0.0,0.04865473696616557,0.017029157938157947,79
OnlyMale,RandomForest,rCLR_Bacteroides ovatus,rCLR,Bacteroides ovatus,0.0016568610986348476,0.0012796990569655057,0.00044197908531116135,86.4,96.5,31,10,0,10,0.0,0.04797940287572108,0.016792791006502376,80
OnlyMale,RandomForest,rCLR_Bacteroides uniformis,rCLR,Bacteroides uniformis,0.0016376033809622533,0.0015403327064560184,0.00035956602604326007,83.3,83.5,41,10,0,10,0.0,0.04742173766441182,0.016597608182544136,81
OnlyMale,RandomForest,rCLR_Bifidobacterium adolescentis,rCLR,Bifidobacterium adolescentis,0.0016306149101807117,0.0014835260825284606,3.2062971592582668e-06,83.2,87.5,43,10,0,10,0.0,0.04721936544661453,0.016526777906315085,82
OnlyMale,RandomForest,rCLR_Klebsiella variicola,rCLR,Klebsiella variicola,0.0016212397405074527,0.0016686168070755383,-0.0007065046050174678,81.7,79.5,55,10,0,10,0.0,0.046947879174680116,0.01643175771113804,83
OnlyMale,RandomForest,rCLR_Blautia wexlerae,rCLR,Blautia wexlerae,0.001620168193149556,0.0016011272249982999,0.00011644682889387742,80.6,82.0,59,10,0,10,0.0,0.04691684929388486,0.0164208972528597,84
OnlyMale,RandomForest,rCLR_Streptococcus parasanguinis,rCLR,Streptococcus parasanguinis,0.0015916821518403834,0.001445375518154345,0.0005806529839582351,81.5,82.5,47,10,0,10,0.0,0.046091950179871416,0.016132182562954994,85
OnlyMale,RandomForest,rCLR_Firmicutes bacterium CAG:83,rCLR,Firmicutes bacterium CAG:83,0.0015610723691920133,0.0016034876280842689,0.0003743021143380008,82.5,78.0,57,10,0,10,0.0,0.04520555173957097,0.01582194310884984,86
OnlyMale,RandomForest,rCLR_Klebsiella quasipneumoniae,rCLR,Klebsiella quasipneumoniae,0.0015531152361072944,0.0013987315927192758,0.0006850281911000486,87.8,87.5,33,10,0,10,0.0,0.04497512898758409,0.01574129514565443,87
OnlyMale,RandomForest,rCLR_Ruminococcus bicirculans,rCLR,Ruminococcus bicirculans,0.0015338616957962475,0.0014884685667186722,0.0002284131162049822,85.3,84.5,61,10,0,10,0.0,0.044417584744358876,0.015546154660525606,88
OnlyMale,RandomForest,rCLR_Phascolarctobacterium faecium,rCLR,Phascolarctobacterium faecium,0.0015218266960015689,0.0014421756552069295,0.00018681421765541218,85.6,83.0,47,10,0,10,0.0,0.04406907508097558,0.015424176278341452,89
OnlyMale,RandomForest,rCLR_Firmicutes bacterium CAG:110,rCLR,Firmicutes bacterium CAG:110,0.0014889176116841079,0.0014525573638469896,-5.130481015144459e-06,86.4,83.5,47,10,0,10,0.0,0.043116093436322625,0.015090632702712917,90
OnlyMale,RandomForest,rCLR_Veillonella parvula,rCLR,Veillonella parvula,0.0014692468242366334,0.0014643586331809521,-0.0002749861758153999,87.8,86.5,64,10,0,10,0.0,0.04254646654569028,0.014891263290991597,91
OnlyMale,RandomForest,rCLR_Eubacterium sp. CAG:180,rCLR,Eubacterium sp. CAG:180,0.0014600123192822843,0.0013047677232894996,-0.0004102913657003912,89.1,92.5,46,10,0,10,0.0,0.042279053644314536,0.014797668775510087,92
OnlyMale,RandomForest,rCLR_Phascolarctobacterium succinatutens,rCLR,Phascolarctobacterium succinatutens,0.001452665022274866,0.0013956092817872033,0.0003914133665431064,85.9,85.5,54,10,0,10,0.0,0.042066290532514185,0.014723201686379963,93
OnlyMale,RandomForest,PA_Akkermansia muciniphila,PA,Akkermansia muciniphila,0.0014373767773948084,0.0012886390533008078,0.00031794083157255746,92.0,91.5,40,10,0,10,0.0,0.04162357336028572,0.014568250676100002,94
OnlyMale,RandomForest,rCLR_Ruminococcus bromii,rCLR,Ruminococcus bromii,0.0013872525461462895,0.0013130657131171695,0.0004384711651724903,92.0,90.0,43,10,0,10,0.0,0.040172075291503725,0.014060226352026303,95
OnlyMale,RandomForest,rCLR_[Ruminococcus] gnavus,rCLR,[Ruminococcus] gnavus,0.0013869469946029317,0.0013723832994107727,0.00015359552961206077,89.4,89.5,66,10,0,10,0.0,0.0401632271263738,0.01405712949423083,96
OnlyMale,RandomForest,rCLR_Eggerthella lenta,rCLR,Eggerthella lenta,0.001375125210653448,0.001252356521424211,0.00010097708309935444,91.3,95.0,64,10,0,10,0.0,0.03982089176990406,0.01393731211946642,97
OnlyMale,RandomForest,rCLR_Barnesiella intestinihominis,rCLR,Barnesiella intestinihominis,0.001364666679234712,0.0014706416502823173,0.000564301369464383,92.5,86.0,60,10,0,10,0.0,0.03951803349600206,0.01383131172360072,98
OnlyMale,RandomForest,rCLR_Streptococcus salivarius,rCLR,Streptococcus salivarius,0.0013529222953892384,0.001333565072602092,0.0003638321450469714,92.6,94.0,63,10,0,10,0.0,0.0391779394926403,0.013712278822424104,99
OnlyMale,RandomForest,rCLR_Coprococcus eutactus,rCLR,Coprococcus eutactus,0.0013335239421708655,0.0013727979783512449,-0.000134472311860419,93.3,91.0,69,10,0,10,0.0,0.03861620175556825,0.013515670614448886,100
OnlyMale,RandomForest,rCLR_Anaerotignum lactatifermentans,rCLR,Anaerotignum lactatifermentans,0.001280132357916262,0.001064313849133668,0.0005799966761693768,97.5,107.0,51,10,0,10,0.0,0.03707008764060996,0.012974530674213487,101
OnlyMale,RandomForest,rCLR_[Ruminococcus] lactaris,rCLR,[Ruminococcus] lactaris,0.001274157859867361,0.0011148519557163206,-0.00017345340007615914,96.5,99.5,57,10,0,10,0.0,0.03689707805694323,0.01291397731993013,102
OnlyMale,RandomForest,rCLR_Bacteroides eggerthii,rCLR,Bacteroides eggerthii,0.001245231561556147,0.0011444048774160004,0.00010067198274289714,98.0,100.0,71,10,0,10,0.0,0.03605942997556782,0.012620800491448736,103
OnlyMale,RandomForest,rCLR_Alistipes inops,rCLR,Alistipes inops,0.001229512568587433,0.0011460115461884854,0.00021362357705684426,98.8,99.5,56,10,0,10,0.0,0.03560423919520128,0.012461483718320447,104
OnlyMale,RandomForest,rCLR_Dialister invisus,rCLR,Dialister invisus,0.0012057498225595666,0.001123791778067043,0.0003499166535494905,99.0,101.5,81,10,0,10,0.0,0.03491611732062541,0.012220641062218894,105
OnlyMale,RandomForest,rCLR_Bacteroides finegoldii,rCLR,Bacteroides finegoldii,0.0011738535110626795,0.0011284992074276888,0.0004971575144745598,100.4,101.0,74,10,0,10,0.0,0.033992463563035494,0.011897362247062422,106
OnlyMale,RandomForest,rCLR_Intestinibacter bartlettii,rCLR,Intestinibacter bartlettii,0.0011445042502772336,0.0009574388654425267,0.0002513406421340788,102.9,109.0,57,10,0,10,0.0,0.03314256732943465,0.011599898565302127,107
OnlyMale,RandomForest,PA_Anaerotignum lactatifermentans,PA,Anaerotignum lactatifermentans,0.0011442561778767524,0.0011306420647529708,-0.00010250926894902445,101.8,97.5,73,10,0,10,0.0,0.033135383645989586,0.011597384276096355,108
OnlyMale,RandomForest,rCLR_Parasutterella excrementihominis,rCLR,Parasutterella excrementihominis,0.0011196980182622547,0.000938911402568562,0.0003038491969977428,102.9,106.0,64,10,0,10,0.0,0.032424228175563556,0.011348479861447243,109
OnlyMale,RandomForest,PA_Bifidobacterium pseudocatenulatum,PA,Bifidobacterium pseudocatenulatum,0.0011192102048052967,0.0010878956668641476,0.0001980798879595627,109.4,103.5,69,10,0,10,0.0,0.03241010206782956,0.011343535723740344,110
OnlyMale,RandomForest,rCLR_Eubacterium ramulus,rCLR,Eubacterium ramulus,0.0010994518308935753,0.0009662089398140823,0.00018344929637583463,105.2,111.0,56,10,0,10,0.0,0.03183793884735157,0.011143278596573047,111
OnlyMale,RandomForest,rCLR_Bacteroides intestinalis,rCLR,Bacteroides intestinalis,0.0010536904299536293,0.0008808828969992357,0.00030098456360722975,106.9,113.5,44,10,0,10,0.0,0.03051277966915364,0.010679472884203773,112
OnlyMale,RandomForest,rCLR_Bacteroides stercoris,rCLR,Bacteroides stercoris,0.0010416394975882612,0.0009803147349258397,0.00020525234872040732,108.3,109.0,81,10,0,10,0.0,0.03016380863020387,0.010557333020571354,113
OnlyMale,RandomForest,PA_Roseburia intestinalis,PA,Roseburia intestinalis,0.0010202380326714221,0.0009325924276735278,1.6770708143851762e-06,105.1,109.0,82,10,0,10,0.0,0.029544064761377643,0.010340422666482175,114
OnlyMale,RandomForest,PA_Eubacterium sp. CAG:274,PA,Eubacterium sp. CAG:274,0.0009941426402100275,0.0008653097884561657,2.860859036791696e-05,111.7,115.0,66,10,0,10,0.0,0.02878839408437466,0.01007593792953113,115
OnlyMale,RandomForest,rCLR_Megamonas funiformis,rCLR,Megamonas funiformis,0.0009253654097483332,0.0010327937379990934,-0.00019052488062454696,115.8,108.0,91,10,0,10,0.0,0.02679674224843207,0.009378859786951223,116
OnlyMale,RandomForest,PA_Clostridium sp. CAG:58,PA,Clostridium sp. CAG:58,0.0009033934843695284,0.0008583071230788386,-2.0713338217077588e-05,114.4,118.0,68,10,0,10,0.0,0.026160478978944027,0.009156167642630409,117
OnlyMale,RandomForest,rCLR_Phocaeicola massiliensis,rCLR,Phocaeicola massiliensis,0.0008915733395089418,0.0009217493957322559,4.520510145441627e-05,114.6,109.0,99,10,0,10,0.0,0.02581819108722954,0.009036366880530338,118
OnlyMale,RandomForest,PA_Bacteroides cellulosilyticus,PA,Bacteroides cellulosilyticus,0.000869598956408959,0.0007627213428755691,-7.613956278683964e-05,117.2,121.5,80,10,0,10,0.0,0.025181856647023177,0.008813649826458112,119
OnlyMale,RandomForest,PA_Bifidobacterium bifidum,PA,Bifidobacterium bifidum,0.0008599667284325976,0.0009273186474946889,9.349172765754744e-06,116.8,112.0,91,10,0,10,0.0,0.02490292647777156,0.008716024267220046,120
OnlyMale,RandomForest,PA_Bacteroides fragilis,PA,Bacteroides fragilis,0.0008111704937912766,0.0008976526007607868,-7.759710456287143e-05,119.8,112.5,100,10,0,10,0.0,0.023489884550114994,0.008221459592540248,121
OnlyMale,RandomForest,PA_Escherichia coli,PA,Escherichia coli,0.0007974413444674542,0.0005480046610448449,-4.903054896349258e-05,120.7,131.5,71,10,0,10,0.0,0.023092315685053617,0.008082310489768766,122
OnlyMale,RandomForest,PA_Firmicutes bacterium CAG:145,PA,Firmicutes bacterium CAG:145,0.0007949333040133136,0.0007385638270505427,0.00011432474915517995,125.6,120.5,88,10,0,10,0.0,0.02301968782054707,0.008056890737191473,123
OnlyMale,RandomForest,PA_Enterocloster bolteae,PA,Enterocloster bolteae,0.0007296223256141054,0.0007556995505492593,-0.00013341561133029624,125.8,122.5,89,10,0,10,0.0,0.021128411751958696,0.007394944113185543,124
OnlyMale,RandomForest,PA_Streptococcus thermophilus,PA,Streptococcus thermophilus,0.0007181327010943134,0.0007572201499533031,3.1994001212883634e-05,128.1,122.5,109,10,0,10,0.0,0.020795695072099368,0.007278493275234778,125
OnlyMale,RandomForest,PA_Parabacteroides merdae,PA,Parabacteroides merdae,0.0006628898420361219,0.0005815303279004694,-0.00010121054752475226,133.9,129.5,85,10,0,10,0.0,0.019195971719946605,0.006718590101981311,126
OnlyMale,RandomForest,PA_Blautia sp. CAG:257,PA,Blautia sp. CAG:257,0.0006627815059817178,0.0006361712099175161,4.805411369382611e-05,130.8,130.0,100,10,0,10,0.0,0.019192834523228966,0.006717492083130138,127
OnlyMale,RandomForest,PA_Bacteroides salyersiae,PA,Bacteroides salyersiae,0.0006459474902022636,0.0006292093020756626,-9.479231946520245e-06,130.2,129.5,113,10,0,10,0.0,0.018705354899400412,0.006546874214790144,128
OnlyMale,RandomForest,PA_Bacteroides caccae,PA,Bacteroides caccae,0.000626412025504261,0.0005475877264485925,-3.129815093642597e-05,130.2,134.5,103,10,0,10,0.0,0.01813964668651391,0.006348876340279868,129
OnlyMale,RandomForest,PA_Bacteroides stercoris,PA,Bacteroides stercoris,0.0006017134779586458,0.0005379909347766119,-1.2725414509757797e-05,131.7,134.0,101,10,0,10,0.0,0.017424425860753313,0.006098549051263659,130
OnlyMale,RandomForest,PA_Bacteroides sp. CAG:144,PA,Bacteroides sp. CAG:144,0.0005897624430022232,0.0005433454214195295,5.8475358344783336e-05,136.1,131.0,96,10,0,10,0.0,0.017078347652128296,0.005977421678244903,131
OnlyMale,RandomForest,PA_Klebsiella pneumoniae,PA,Klebsiella pneumoniae,0.0005583054459022566,0.0005615155635902389,3.125335791300699e-05,139.0,134.0,110,10,0,10,0.0,0.016167415565930335,0.005658595448075617,132
OnlyMale,RandomForest,PA_Coprococcus catus,PA,Coprococcus catus,0.000554197656784066,0.0005278201612367338,0.00011637947206106551,137.0,138.0,117,10,0,10,0.0,0.016048462161089967,0.005616961756381488,133
OnlyMale,RandomForest,PA_Eubacterium sp. CAG:180,PA,Eubacterium sp. CAG:180,0.0005365162205944325,0.0005099052676304205,-9.771026777204687e-06,145.1,135.5,112,10,0,10,0.0,0.015536442927212868,0.005437755024524504,134
OnlyMale,RandomForest,PA_Roseburia faecis,PA,Roseburia faecis,0.0005315746064459311,0.000359226023937279,-5.435802011088954e-06,150.4,152.5,65,10,0,10,0.0,0.01539334360749158,0.005387670262622052,135
OnlyMale,RandomForest,PA_Paraprevotella xylaniphila,PA,Paraprevotella xylaniphila,0.000526335142104512,0.0005013892793756659,4.7247577124952474e-06,140.3,138.0,104,10,0,10,0.0,0.015241619138435577,0.005334566698452452,136
OnlyMale,RandomForest,PA_Megamonas funiformis,PA,Megamonas funiformis,0.0005185551366457585,0.0005176450055941133,-0.00011578753752558998,139.8,138.5,122,10,0,10,0.0,0.015016325650291998,0.005255713977602199,137
OnlyMale,RandomForest,PA_Bifidobacterium adolescentis,PA,Bifidobacterium adolescentis,0.000505210652843044,0.0003476962880580816,9.682463950696433e-05,147.7,150.5,73,10,0,10,0.0,0.014629895933844127,0.005120463576845444,138
OnlyMale,RandomForest,PA_[Eubacterium] siraeum,PA,[Eubacterium] siraeum,0.0005023973099075221,0.0004633467469192708,3.522140043075301e-05,142.8,146.5,98,10,0,10,0.0,0.014548427116547259,0.00509194949079154,139
OnlyMale,RandomForest,PA_Ruminococcus bicirculans,PA,Ruminococcus bicirculans,0.0004934928764586293,0.00046411810453197695,-2.692853004525601e-05,141.0,136.0,126,10,0,10,0.0,0.014290572429647746,0.005001700350376711,140
OnlyMale,RandomForest,PA_Bacteroides thetaiotaomicron,PA,Bacteroides thetaiotaomicron,0.0004897791374804992,0.00022424575708560697,-0.00024984741594982367,165.2,181.0,56,10,0,10,0.0,0.01418302993332516,0.004964060476663806,141
OnlyMale,RandomForest,PA_Eubacterium sp. CAG:38,PA,Eubacterium sp. CAG:38,0.00047868897234844857,0.0004715491845459558,0.00011038454621213304,144.1,145.0,125,10,0,10,0.0,0.013861880803040582,0.004851658281064203,142
OnlyMale,RandomForest,PA_Butyricimonas virosa,PA,Butyricimonas virosa,0.00046944911136278166,0.0004381930327597371,-1.4703081847518372e-06,144.3,148.0,127,10,0,10,0.0,0.013594312801647924,0.004758009480576773,143
OnlyMale,RandomForest,PA_Lachnospira eligens,PA,Lachnospira eligens,0.0004672677535702068,0.0004097565878142227,1.777898480199429e-05,148.6,144.0,119,10,0,10,0.0,0.013531145017436998,0.004735900756102949,144
OnlyMale,RandomForest,PA_Parabacteroides distasonis,PA,Parabacteroides distasonis,0.00046510836931153664,0.00037055729442780916,-5.020335576888153e-05,151.3,149.0,105,10,0,10,0.0,0.013468613543075273,0.004714014740076346,145
OnlyMale,RandomForest,PA_Phocaeicola coprocola,PA,Phocaeicola coprocola,0.00046146460389001625,0.00039559164990366597,2.438050714381915e-05,148.9,145.5,119,10,0,10,0.0,0.013363097341815074,0.004677084069635276,146
OnlyMale,RandomForest,PA_Bacteroides ovatus,PA,Bacteroides ovatus,0.0004588773389873394,0.00029607969542590196,0.00012281348430460683,153.9,163.0,96,10,0,10,0.0,0.013288175294810635,0.004650861353183722,147
OnlyMale,RandomForest,PA_Veillonella atypica,PA,Veillonella atypica,0.0004483441630105152,0.0004178961214058946,-6.439484831729917e-05,145.9,146.5,122,10,0,10,0.0,0.012983155462931358,0.004544104412025975,148
OnlyMale,RandomForest,PA_Phocaeicola plebeius,PA,Phocaeicola plebeius,0.00044776019649305263,0.00041255306355662884,-8.731029291718624e-05,147.8,146.5,111,10,0,10,0.0,0.012966244953758107,0.004538185733815338,149
OnlyMale,RandomForest,PA_Veillonella parvula,PA,Veillonella parvula,0.00044436443773261723,0.00032944778116436135,-1.0356725755382687e-05,151.0,159.0,113,10,0,10,0.0,0.012867910532260777,0.004503768686291271,150
OnlyMale,RandomForest,PA_Prevotella copri,PA,Prevotella copri,0.00043957856970003935,0.00035770936823275646,-5.994906648228717e-05,152.1,151.0,118,10,0,10,0.0,0.012729321310367471,0.004455262458628615,151
OnlyMale,RandomForest,PA_Eubacterium sp. CAG:251,PA,Eubacterium sp. CAG:251,0.00043697772275142556,0.00043357090249482744,-1.0858318780934497e-05,148.6,139.0,119,10,0,10,0.0,0.012654005954319552,0.004428902084011843,152
OnlyMale,RandomForest,PA_Desulfovibrio piger,PA,Desulfovibrio piger,0.00041755455423994907,0.00038212931841756807,4.345977716722702e-05,155.1,150.5,107,10,0,10,0.0,0.01209154961570252,0.004232042365495882,153
OnlyMale,RandomForest,PA_Phascolarctobacterium faecium,PA,Phascolarctobacterium faecium,0.00041092579508998216,0.00040376483001667153,4.407967509022228e-05,155.8,153.0,125,10,0,10,0.0,0.011899593931496744,0.00416485787602386,154
OnlyMale,RandomForest,PA_Fusicatenibacter saccharivorans,PA,Fusicatenibacter saccharivorans,0.00039223613457792185,0.0002727399792197514,2.159601335223964e-05,160.5,167.5,113,10,0,10,0.0,0.011358378526018616,0.003975432484106515,155
OnlyMale,RandomForest,PA_Lawsonibacter asaccharolyticus,PA,Lawsonibacter asaccharolyticus,0.00038899778612878477,0.0003513842204438862,-8.582284516548508e-05,157.1,156.0,121,10,0,10,0.0,0.011264602394138198,0.003942610837948369,156
OnlyMale,RandomForest,PA_Oscillibacter sp. CAG:241,PA,Oscillibacter sp. CAG:241,0.00038362327793612,0.0003302193012664022,1.685473772044907e-05,159.8,158.0,125,10,0,10,0.0,0.011108967323674421,0.0038881385632860473,157
OnlyMale,RandomForest,PA_Holdemanella biformis,PA,Holdemanella biformis,0.00038321531431751007,0.0002905277718045096,3.6401565205782465e-05,158.8,160.5,115,10,0,10,0.0,0.011097153508483726,0.0038840037279693038,158
OnlyMale,RandomForest,PA_Phascolarctobacterium succinatutens,PA,Phascolarctobacterium succinatutens,0.0003689504101814977,0.0003360793717479864,-5.048581037826558e-05,155.5,156.5,129,10,0,10,0.0,0.010684070249368524,0.003739424587278983,159
OnlyMale,RandomForest,PA_Alistipes shahii,PA,Alistipes shahii,0.0003591123314938444,0.0002644208791634785,-2.660261242356859e-06,162.8,170.5,115,10,0,10,0.0,0.010399179052836188,0.0036397126684926655,160
OnlyMale,RandomForest,PA_Alistipes finegoldii,PA,Alistipes finegoldii,0.0003565488143003697,0.00031007419489277425,-2.3263657372185794e-05,163.7,161.5,129,10,0,10,0.0,0.010324944692269751,0.0036137306422944124,161
OnlyMale,RandomForest,PA_Roseburia inulinivorans,PA,Roseburia inulinivorans,0.0003315917796830438,0.00019808416098335152,0.00014170043575862992,177.8,192.5,85,10,0,10,0.0,0.009602238594894058,0.00336078350821292,162
OnlyMale,RandomForest,PA_Acidaminococcus intestini,PA,Acidaminococcus intestini,0.00032354874888523323,0.00023587332357196734,-4.335903483189406e-06,173.9,181.0,94,10,0,10,0.0,0.009369328415937026,0.003279264945577959,163
OnlyMale,RandomForest,PA_[Ruminococcus] torques,PA,[Ruminococcus] torques,0.0003158763560491325,0.0002353937050317655,0.00010080834015303076,172.5,177.0,118,10,0,10,0.0,0.009147151175366058,0.00320150291137812,164
OnlyMale,RandomForest,PA_Eggerthella lenta,PA,Eggerthella lenta,0.0003151616588128171,0.0003046091448388593,2.4976226066734335e-05,165.0,161.0,138,10,0,10,0.0,0.0091264549645228,0.0031942592375829794,165
OnlyMale,RandomForest,PA_Anaerostipes hadrus,PA,Anaerostipes hadrus,0.00030650068614065,0.0001585725201481487,0.00011543756668689594,183.2,201.0,87,10,0,10,0.0,0.00887565041761425,0.0031064776461649873,166
OnlyMale,RandomForest,PA_Bacteroides xylanisolvens,PA,Bacteroides xylanisolvens,0.00029889156127362954,0.0002298522231605236,-3.722264566557175e-05,173.9,175.5,135,10,0,10,0.0,0.008655305291624359,0.0030293568520685255,167
OnlyMale,RandomForest,PA_Dorea longicatena,PA,Dorea longicatena,0.00029800044363841884,0.00024118214886334813,3.330693645799834e-05,172.9,176.0,124,10,0,10,0.0,0.008629500296827472,0.003020325103889615,168
OnlyMale,RandomForest,PA_[Ruminococcus] lactaris,PA,[Ruminococcus] lactaris,0.0002965223731678095,0.00027506084789157795,-2.49531732312343e-05,169.3,172.5,136,10,0,10,0.0,0.008586698315027971,0.0030053444102597898,169
OnlyMale,RandomForest,PA_Ruthenibacterium lactatiformans,PA,Ruthenibacterium lactatiformans,0.0002941833728845564,0.0001771607456172732,-6.141135817456658e-05,181.8,192.0,97,10,0,10,0.0,0.00851896551774696,0.0029816379312114357,170
OnlyMale,RandomForest,PA_Parasutterella excrementihominis,PA,Parasutterella excrementihominis,0.0002858338433650266,0.00025518786086681477,5.451015509161326e-06,172.3,169.0,133,10,0,10,0.0,0.008277179745258054,0.0028970129108403186,171
OnlyMale,RandomForest,PA_Anaerobutyricum hallii,PA,Anaerobutyricum hallii,0.00028057106072725,0.00027438724657912925,4.812371836565315e-05,171.7,170.0,150,10,0,10,0.0,0.008124780024706173,0.0028436730086471604,172
OnlyMale,RandomForest,PA_Bacteroides eggerthii,PA,Bacteroides eggerthii,0.00027357055975150534,0.0002944576904967475,3.478593672799335e-05,172.8,166.0,147,10,0,10,0.0,0.007922059436405875,0.002772720802742056,173
OnlyMale,RandomForest,PA_Bacteroides intestinalis,PA,Bacteroides intestinalis,0.00027058135982133683,0.00027109776234147926,1.4916895911201301e-05,170.6,170.0,149,10,0,10,0.0,0.007835498150222138,0.002742424352577748,174
OnlyMale,RandomForest,PA_Slackia isoflavoniconvertens,PA,Slackia isoflavoniconvertens,0.0002688941495294783,0.00025513472018807927,2.6560106716062795e-05,171.1,169.0,154,10,0,10,0.0,0.007786639895057694,0.0027253239632701928,175
OnlyMale,RandomForest,PA_Oscillibacter sp. 57_20,PA,Oscillibacter sp. 57_20,0.0002604845175439006,0.0002308863949175336,9.376118031628428e-05,176.9,181.5,136,10,0,10,0.0,0.007543113674661166,0.0026400897861314078,176
OnlyMale,RandomForest,PA_Phocaeicola massiliensis,PA,Phocaeicola massiliensis,0.00025701487852950594,0.0002268290413116382,-5.284211836043543e-06,177.6,176.5,143,10,0,10,0.0,0.007442639827914373,0.0026049239397700303,177
OnlyMale,RandomForest,PA_Gemmiger formicilis,PA,Gemmiger formicilis,0.00025558870928546744,0.00026165378170090023,8.783035576524528e-06,174.7,173.5,157,10,0,10,0.0,0.007401340802434769,0.002590469280852169,178
OnlyMale,RandomForest,PA_Eubacterium ramulus,PA,Eubacterium ramulus,0.000253980624653595,0.00023477346441495384,2.7623734097850365e-05,179.1,180.5,142,10,0,10,0.0,0.007354773869048239,0.0025741708541668837,179
OnlyMale,RandomForest,PA_Erysipelatoclostridium ramosum,PA,Erysipelatoclostridium ramosum,0.000253170431931805,0.0002740636876756212,2.4301136950235484e-05,176.0,167.0,149,10,0,10,0.0,0.007331312298831055,0.002565959304590869,180
OnlyMale,RandomForest,PA_Odoribacter splanchnicus,PA,Odoribacter splanchnicus,0.0002522877642991317,0.0001855896671828263,-4.6360365675275105e-05,181.6,191.0,142,10,0,10,0.0,0.007305751999305474,0.0025570131997569158,181
OnlyMale,RandomForest,PA_Flavonifractor plautii,PA,Flavonifractor plautii,0.00024926095058857206,0.0001782276263153042,-6.930199346337304e-05,187.5,200.0,114,10,0,10,0.0,0.007218101492833716,0.0025263355224918005,182
OnlyMale,RandomForest,PA_Alistipes inops,PA,Alistipes inops,0.00024838727039123233,0.0002333031462936292,2.3954369821087885e-05,178.1,177.0,152,10,0,10,0.0,0.007192801451564572,0.0025174805080476,183
OnlyMale,RandomForest,PA_Proteobacteria bacterium CAG:139,PA,Proteobacteria bacterium CAG:139,0.00024438327654195674,0.0002204283280889519,2.6628373651165316e-05,179.9,186.0,149,10,0,10,0.0,0.007076853751323079,0.0024768988129630774,184
OnlyMale,RandomForest,PA_Adlercreutzia equolifaciens,PA,Adlercreutzia equolifaciens,0.00024342118500196775,0.0002402636329674433,-1.7256108133006298e-05,179.7,179.5,152,10,0,10,0.0,0.00704899349336996,0.002467147722679486,185
OnlyMale,RandomForest,PA_Firmicutes bacterium CAG:110,PA,Firmicutes bacterium CAG:110,0.00024247030189155247,0.00021724861438749522,1.8965772853921877e-05,179.5,184.0,140,10,0,10,0.0,0.007021457809250197,0.002457510233237569,186
OnlyMale,RandomForest,PA_Gordonibacter pamelaeae,PA,Gordonibacter pamelaeae,0.00024136957430121543,0.00021770846604643392,-2.0447272324506443e-05,182.7,182.0,130,10,0,10,0.0,0.006989582926946112,0.002446354024431139,187
OnlyMale,RandomForest,PA_Klebsiella quasipneumoniae,PA,Klebsiella quasipneumoniae,0.00024005828941047253,0.00021003595883480796,3.192944172153676e-05,181.9,191.0,144,10,0,10,0.0,0.006951610723899256,0.0024330637533647396,188
OnlyMale,RandomForest,PA_Phocaeicola dorei,PA,Phocaeicola dorei,0.00023951908959006133,0.00022993847975761504,3.143821248402603e-05,181.0,182.5,147,10,0,10,0.0,0.006935996569257481,0.002427598799240118,189
OnlyMale,RandomForest,PA_Dorea formicigenerans,PA,Dorea formicigenerans,0.00023793908527800048,0.00023311689931438813,2.5108324820202153e-05,180.4,179.0,146,10,0,10,0.0,0.006890242786097139,0.0024115849751339988,190
OnlyMale,RandomForest,PA_Barnesiella intestinihominis,PA,Barnesiella intestinihominis,0.0002351932136615467,0.00022877763155318228,-1.062561710967653e-05,179.4,180.5,146,10,0,10,0.0,0.006810727804038961,0.0023837547314136363,191
OnlyMale,RandomForest,PA_Coprobacter fastidiosus,PA,Coprobacter fastidiosus,0.00023341663483227756,0.00024484681941702377,-1.0835802981250121e-05,181.5,181.5,143,10,0,10,0.0,0.006759281613733562,0.0023657485648067465,192
OnlyMale,RandomForest,PA_Eubacterium ventriosum,PA,Eubacterium ventriosum,0.00023179227831279244,0.00021630721894247036,1.4047370232674072e-05,182.0,188.5,141,10,0,10,0.0,0.006712243478837164,0.0023492852175930074,193
OnlyMale,RandomForest,PA_Adlercreutzia equolifaciens_1,PA,Adlercreutzia equolifaciens_1,0.00023053356218736943,0.00025480819628288744,-2.1525136699955746e-05,180.3,172.5,162,10,0,10,0.0,0.006675793562705029,0.00233652774694676,194
OnlyMale,RandomForest,PA_Coprococcus comes,PA,Coprococcus comes,0.00022659483899898367,0.0001729617656682666,7.710162052603593e-05,187.2,193.5,138,10,0,10,0.0,0.0065617359710172215,0.0022966075898560273,195
OnlyMale,RandomForest,PA_Ruminococcus bromii,PA,Ruminococcus bromii,0.0002256718132539512,0.00018187321183335122,-2.8224673306905336e-05,185.7,191.0,145,10,0,10,0.0,0.006535006980806718,0.0022872524432823514,196
OnlyMale,RandomForest,PA_Firmicutes bacterium CAG:83,PA,Firmicutes bacterium CAG:83,0.00022368807073069072,0.00020141820009650672,1.0062561701513965e-05,184.3,191.5,150,10,0,10,0.0,0.0064775617418523865,0.002267146609648335,197
OnlyMale,RandomForest,PA_Alistipes putredinis,PA,Alistipes putredinis,0.00022366919691204414,0.0002452121707243216,3.396576064028761e-05,182.0,177.0,167,10,0,10,0.0,0.006477015193593517,0.002266955317757731,198
OnlyMale,RandomForest,PA_Lachnospira pectinoschiza,PA,Lachnospira pectinoschiza,0.0002217193081007888,0.00020756665014755852,4.7393994052642174e-05,183.4,187.0,157,10,0,10,0.0,0.0064205502908233555,0.0022471926017881743,199
OnlyMale,RandomForest,PA_Agathobaculum butyriciproducens,PA,Agathobaculum butyriciproducens,0.00021337685584869705,0.0001638897509225766,4.1097187538987394e-05,189.0,199.0,141,10,0,10,0.0,0.006178969461926852,0.002162639311674398,200
OnlyMale,RandomForest,PA_Phocaeicola vulgatus,PA,Phocaeicola vulgatus,0.00021160008832316963,0.00012976499726356842,9.719493109924425e-05,194.2,206.5,126,10,0,10,0.0,0.006127517807353021,0.0021446312325735573,201
OnlyMale,RandomForest,PA_Coprococcus eutactus,PA,Coprococcus eutactus,0.00021083247469477168,0.00022972744256934103,-2.6253038238577765e-05,185.8,180.5,158,10,0,10,0.0,0.006105289243015223,0.002136851235055328,202
OnlyMale,RandomForest,PA_[Eubacterium] rectale,PA,[Eubacterium] rectale,0.00020815157088797275,0.00020011195735181392,4.768539796310144e-05,187.7,190.0,155,10,0,10,0.0,0.006027655599541161,0.0021096794598394063,203
OnlyMale,RandomForest,PA_Streptococcus parasanguinis,PA,Streptococcus parasanguinis,0.00020775895150058725,0.00020243342863639067,1.7796698674397312e-06,188.3,188.5,148,10,0,10,0.0,0.006016286122775904,0.0021057001429715663,204
OnlyMale,RandomForest,PA_Intestinibacter bartlettii,PA,Intestinibacter bartlettii,0.00020133064936772805,0.00021819117858164845,2.418789601661993e-05,187.4,181.0,166,10,0,10,0.0,0.005830135275192222,0.0020405473463172776,205
OnlyMale,RandomForest,PA_[Ruminococcus] gnavus,PA,[Ruminococcus] gnavus,0.00020094525979922644,0.00019646035684310045,1.6980938766913106e-05,188.2,189.5,164,10,0,10,0.0,0.005818975159605904,0.002036641305862066,206
OnlyMale,RandomForest,PA_Bifidobacterium longum,PA,Bifidobacterium longum,0.00019248356466745577,0.0001917391866895606,-2.355829553350435e-06,190.2,189.5,164,10,0,10,0.0,0.0055739412940191855,0.0019508794529067147,207
OnlyMale,RandomForest,PA_Faecalibacterium prausnitzii,PA,Faecalibacterium prausnitzii,0.00019164340897743793,0.00014071346567050053,-4.508809136943468e-05,191.1,200.0,145,10,0,10,0.0,0.005549612055821181,0.0019423642195374132,208
OnlyMale,RandomForest,PA_Bacteroides finegoldii,PA,Bacteroides finegoldii,0.00018912265174333544,0.00017924345576728155,1.820763520835845e-05,191.1,194.5,164,10,0,10,0.0,0.005476615938653276,0.0019168155785286465,209
OnlyMale,RandomForest,PA_Dialister invisus,PA,Dialister invisus,0.0001842014347020422,0.00015786186379591053,7.807284600187408e-06,194.6,201.5,138,10,0,10,0.0,0.00533410727859866,0.001866937547509531,210
OnlyMale,RandomForest,PA_Blautia wexlerae,PA,Blautia wexlerae,0.0001817511758895637,0.00014814073138160437,2.3217977990748435e-05,194.7,202.5,155,10,0,10,0.0,0.005263152655540302,0.0018421034294391055,211
OnlyMale,RandomForest,PA_Klebsiella variicola,PA,Klebsiella variicola,0.00017501069505822793,0.0001533953899580268,2.381259164286192e-06,194.6,202.0,156,10,0,10,0.0,0.0050679617335920475,0.0017737866067572166,212
OnlyMale,RandomForest,PA_Roseburia hominis,PA,Roseburia hominis,0.00016830573007190435,0.00016296377161355017,3.036893455169959e-05,198.3,199.5,173,10,0,10,0.0,0.004873799279894822,0.0017058297479631875,213
OnlyMale,RandomForest,PA_Blautia obeum,PA,Blautia obeum,0.00015931372054550375,0.00012690560921204783,2.8210669943007204e-05,199.3,206.5,158,10,0,10,0.0,0.00461340856392897,0.0016146929973751393,214
OnlyMale,RandomForest,PA_Bacteroides uniformis,PA,Bacteroides uniformis,0.00014977270410920302,8.24824345336208e-05,-4.6686744319347943e-05,200.2,214.0,149,10,0,10,0.0,0.004337119699510386,0.001517991894828635,215
